Site Number,Site Name,Country,City,State,Zip,Status
001,Research Site,United States,Birmingham,Alabama,,Completed
002,Research Site,United States,Mobile,Alabama,,Completed
003,Research Site,United States,Glendale,Arizona,,Completed
004,Research Site,United States,Berkeley,California,,Completed
005,Research Site,United States,Beverly Hills,California,,Completed
006,Research Site,United States,El Cajon,California,,Completed
007,Research Site,United States,Greenbrae,California,,Completed
008,Research Site,United States,Los Angeles,California,,Completed
009,Research Site,United States,Oceanside,California,,Completed
010,Research Site,United States,San Diego,California,,Completed
011,Research Site,United States,West Hills,California,,Completed
012,Research Site,United States,Whittier,California,,Completed
013,Research Site,United States,Denver,Colorado,,Completed
014,Research Site,United States,Fort Collins,Colorado,,Completed
015,Research Site,United States,Glenwood Springs,Colorado,,Completed
016,Research Site,United States,New Haven,Connecticut,,Completed
017,Research Site,United States,Norwalk,Connecticut,,Completed
018,Research Site,United States,Washington D.C.,District of Columbia,,Completed
019,Research Site,United States,Boca Raton,Florida,,Completed
020,Research Site,United States,Boynton Beach,Florida,,Completed
021,Research Site,United States,Fort Lauderdale,Florida,,Completed
022,Research Site,United States,Fort Myers,Florida,,Completed
023,Research Site,United States,Hollywood,Florida,,Completed
024,Research Site,United States,Jacksonville,Florida,,Completed
025,Research Site,United States,Lake City,Florida,,Completed
026,Research Site,United States,St. Petersburg,Florida,,Completed
027,Research Site,United States,Weston,Florida,,Completed
028,Research Site,United States,Atlanta,Georgia,,Completed
029,Research Site,United States,Augusta,Georgia,,Completed
030,Research Site,United States,Macon,Georgia,,Completed
031,Research Site,United States,Marietta,Georgia,,Completed
032,Research Site,United States,Chicago,Illinois,,Completed
033,Research Site,United States,Niles,Illinois,,Completed
034,Research Site,United States,Fort Wayne,Indiana,,Completed
035,Research Site,United States,Iowa City,Iowa,,Completed
036,Research Site,United States,Louisville,Kentucky,,Completed
037,Research Site,United States,Lafayette,Louisiana,,Completed
038,Research Site,United States,Marrero,Louisiana,,Completed
039,Research Site,United States,Shreveport,Louisiana,,Completed
040,Research Site,United States,Annapolis,Maryland,,Completed
041,Research Site,United States,Baltimore,Maryland,,Completed
042,Research Site,United States,Frederick,Maryland,,Completed
043,Research Site,United States,Boston,Massachusetts,,Completed
044,Research Site,United States,Detroit,Michigan,,Completed
045,Research Site,United States,Duluth,Minnesota,,Completed
046,Research Site,United States,Rochester,Minnesota,,Completed
047,Research Site,United States,Kansas City,Missouri,,Completed
048,Research Site,United States,St Louis,Missouri,,Completed
049,Research Site,United States,Omaha,Nebraska,,Completed
050,Research Site,United States,Hooksett,New Hampshire,,Completed
051,Research Site,United States,Brick,New Jersey,,Completed
052,Research Site,United States,Hackensack,New Jersey,,Completed
053,Research Site,United States,Livingston,New Jersey,,Completed
054,Research Site,United States,Plainfield,New Jersey,,Completed
055,Research Site,United States,Summit,New Jersey,,Completed
056,Research Site,United States,Mineola,New York,,Completed
057,Research Site,United States,New York,New York,,Completed
058,Research Site,United States,Rochester,New York,,Completed
059,Research Site,United States,Asheboro,North Carolina,,Completed
060,Research Site,United States,Charlotte,North Carolina,,Completed
061,Research Site,United States,Pinehurst,North Carolina,,Completed
062,Research Site,United States,Winston-Salem,North Carolina,,Completed
063,Research Site,United States,Canton,Ohio,,Completed
064,Research Site,United States,Cleveland,Ohio,,Completed
065,Research Site,United States,Columbus,Ohio,,Completed
066,Research Site,United States,Bend,Oregon,,Completed
067,Research Site,United States,Bethlehem,Pennsylvania,,Completed
068,Research Site,United States,Pittsburgh,Pennsylvania,,Completed
069,Research Site,United States,Spartanburg,South Carolina,,Completed
070,Research Site,United States,Sioux Falls,South Dakota,,Completed
071,Research Site,United States,Chattanooga,Tennessee,,Completed
072,Research Site,United States,Nashville,Tennessee,,Completed
073,Research Site,United States,Arlington,Texas,,Completed
074,Research Site,United States,Edinburg,Texas,,Completed
075,Research Site,United States,Fort Sam Houston,Texas,,Completed
076,Research Site,United States,Fort Worth,Texas,,Completed
077,Research Site,United States,Houston,Texas,,Completed
078,Research Site,United States,Plano,Texas,,Completed
079,Research Site,United States,San Antonio,Texas,,Completed
080,Research Site,United States,Ogden,Utah,,Completed
081,Research Site,United States,Seattle,Washington,,Completed
082,Research Site,United States,Spokane,Washington,,Completed
083,Research Site,United States,Tacoma,Washington,,Completed
084,Research Site,Australia,Box Hill,,,Completed
085,Research Site,Australia,Fitzroy,,,Completed
086,Research Site,Australia,Footscray,,,Completed
087,Research Site,Australia,Kogarah,,,Completed
088,Research Site,Australia,Kurralta Park,,,Completed
089,Research Site,Australia,Nedlands,,,Completed
090,Research Site,Australia,New South Wales,,,Completed
091,Research Site,Australia,Woodville,,,Completed
092,Research Site,Australia,Woolloongabba,,,Completed
093,Research Site,Austria,Innsbruck,,,Completed
094,Research Site,Austria,Linz,,,Completed
095,Research Site,Austria,Salzburg,,,Completed
096,Research Site,Austria,Vienna,,,Completed
097,Research Site,Austria,Wien Wien,,,Completed
098,Research Site,Belgium,Bruges,,,Completed
099,Research Site,Belgium,Brussels,,,Completed
100,Research Site,Belgium,Haine Saint Paul La Louviere,,,Completed
101,Research Site,Belgium,Leuven,,,Completed
102,Research Site,Belgium,Liège,,,Completed
103,Research Site,Canada,Calgary,Alberta,,Completed
104,Research Site,Canada,Nova Scotia,Nova Scotia,,Completed
105,Research Site,Canada,Toronto,Ontario,,Completed
106,Research Site,Canada,Greenfield Park,Quebec,,Completed
107,Research Site,Canada,Montreal,Quebec,,Completed
108,Research Site,Canada,Québec,Quebec,,Completed
109,Research Site,Canada,N/a N/a,,,Completed
110,Research Site,Denmark,Aarhus C,,,Completed
111,Research Site,Denmark,Odense,,,Completed
112,Research Site,Denmark,Vejle,,,Completed
113,Research Site,France,Amiens N/a Picardie,,,Completed
114,Research Site,France,Angers,,,Completed
115,Research Site,France,Bayonne,,,Completed
116,Research Site,France,Bretagne,,,Completed
117,Research Site,France,Caen,,,Completed
118,Research Site,France,Cergy-Pontoise,,,Completed
119,Research Site,France,Chalon-sur-Saône,,,Completed
120,Research Site,France,Clermont-Ferrand,,,Completed
121,Research Site,France,Créteil,,,Completed
122,Research Site,France,Dijon,,,Completed
123,Research Site,France,Dunkirk,,,Completed
124,Research Site,France,Grenoble,,,Completed
125,Research Site,France,La Roche-sur-Yon,,,Completed
126,Research Site,France,Le Chesnay,,,Completed
127,Research Site,France,Le Mans,,,Completed
128,Research Site,France,Lille,,,Completed
129,Research Site,France,Limoges,,,Completed
130,Research Site,France,Lyon,,,Completed
131,Research Site,France,Marseille,,,Completed
132,Research Site,France,Metz-Tessy,,,Completed
133,Research Site,France,Montivilliers,,,Completed
134,Research Site,France,Montpellier,,,Completed
135,Research Site,France,Mulhouse,,,Completed
136,Research Site,France,Nantes,,,Completed
137,Research Site,France,Nice,,,Completed
138,Research Site,France,Paris,,,Completed
139,Research Site,France,Perpignan,,,Completed
140,Research Site,France,Pessac,,,Completed
141,Research Site,France,Périgueux,,,Completed
142,Research Site,France,Poitiers,,,Completed
143,Research Site,France,Reims,,,Completed
144,Research Site,France,Rennes,,,Completed
145,Research Site,France,Rouen,,,Completed
146,Research Site,France,Saint-Brieuc,,,Completed
147,Research Site,France,Saint-Priest-en-Jarez,,,Completed
148,Research Site,France,Saint-Quentin,,,Completed
149,Research Site,France,St-Malo,,,Completed
150,Research Site,France,Strasbourg,,,Completed
151,Research Site,France,Toulouse,,,Completed
152,Research Site,France,Tours,,,Completed
153,Research Site,France,Vandœuvre-lès-Nancy,,,Completed
154,Research Site,Germany,Aschaffenburg,,,Completed
155,Research Site,Germany,Bad Berka,,,Completed
156,Research Site,Germany,Bonn,,,Completed
157,Research Site,Germany,Braunschweig,,,Completed
158,Research Site,Germany,Dresden,,,Completed
159,Research Site,Germany,Essen,,,Completed
160,Research Site,Germany,Frankfurt,,,Completed
161,Research Site,Germany,Hanover,,,Completed
162,Research Site,Germany,Heidelberg,,,Completed
163,Research Site,Germany,Hessen,,,Completed
164,Research Site,Germany,Kiel,,,Completed
165,Research Site,Germany,Koblenz,,,Completed
166,Research Site,Germany,Mainz,,,Completed
167,Research Site,Germany,Mannheim,,,Completed
168,Research Site,Germany,Rostock,,,Completed
169,Research Site,Germany,Schwerin,,,Completed
170,Research Site,Germany,Stuttgart,,,Completed
171,Research Site,Germany,Tübingen,,,Completed
172,Research Site,Germany,Ulm,,,Completed
173,Research Site,Germany,Villingen-Schwenningen,,,Completed
174,Research Site,Ireland,Dublin,,,Completed
175,Research Site,Ireland,Galway,,,Completed
176,Research Site,Israel,Hadera,,,Completed
177,Research Site,Israel,Haifa,,,Completed
178,Research Site,Israel,Jerusalem,,,Completed
179,Research Site,Israel,Nahariya,,,Completed
180,Research Site,Israel,Petah Tikva,,,Completed
181,Research Site,Israel,Tel Aviv,,,Completed
182,Research Site,Netherlands,Hilversum,,,Completed
183,Research Site,Netherlands,Hoofddorp,,,Completed
184,Research Site,Netherlands,Rotterdam,,,Completed
185,Research Site,Netherlands,Tilburg,,,Completed
186,Research Site,Sweden,Falun,,,Completed
187,Research Site,Sweden,Gothenburg,,,Completed
188,Research Site,Sweden,Halmstad,,,Completed
189,Research Site,Sweden,Helsingborg,,,Completed
190,Research Site,Sweden,Huddinge,,,Completed
191,Research Site,Sweden,Luleå,,,Completed
192,Research Site,Sweden,Lund,,,Completed
193,Research Site,Sweden,Örebro,,,Completed
194,Research Site,Sweden,Stockholm,,,Completed
195,Research Site,United Kingdom,Aberdeen,,,Completed
196,Research Site,United Kingdom,Canterbury,,,Completed
197,Research Site,United Kingdom,Dundee,,,Completed
198,Research Site,United Kingdom,Leeds,,,Completed
199,Research Site,United Kingdom,London,,,Completed
200,Research Site,United Kingdom,Manchester,,,Completed
201,Research Site,United Kingdom,Nottingham,,,Completed
202,Research Site,United Kingdom,Oxford,,,Completed
203,Research Site,United Kingdom,Plymouth,,,Completed
204,Research Site,United Kingdom,Southampton,,,Completed
205,Research Site,United Kingdom,Truro,,,Completed
206,Research Site,United Kingdom,Wolverhampton,,,Completed
