Site Number,Site Name,Country,City,State,Zip,Status
001,"Alabama Medical Group, PC /ID# 159836",United States,Mobile,Alabama,36608-1787,Completed
002,"Arizona Arthritis & Rheumatology Research, PLLC /ID# 160047",United States,Mesa,Arizona,85210-6871,Completed
003,Sun Valley Arthritis Center Ltd. /ID# 161203,United States,Peoria,Arizona,85381,Completed
004,"Duplicate_AZ Arthritis and Rheumotology Research, PLLC /ID# 160006",United States,Phoenix,Arizona,85032-9306,Completed
005,Osteoporosis Medical Center /ID# 161411,United States,Beverly Hills,California,90211,Completed
006,Covina Arthritis Clinic /ID# 159919,United States,Covina,California,91722,Completed
007,Triwest Research Associates /ID# 159915,United States,El Cajon,California,92020,Completed
008,Duplicate_Providence Medical Foundation /ID# 160005,United States,Fullerton,California,92835,Completed
009,"C.V. Mehta MD, Med Corporation /ID# 161192",United States,Hemet,California,92543,Completed
010,"Care Access Research, Huntington Beach /ID# 160049",United States,Huntington Beach,California,92648,Completed
011,"Purushotham & Akther Kotha MD, Inc /ID# 159834",United States,La Mesa,California,91942,Completed
012,Stanford University School of Med /ID# 161402,United States,Stanford,California,94305-2200,Completed
013,Inland Rheum Clin Trials Inc. /ID# 159839,United States,Upland,California,91786,Completed
014,Medvin Clinical Research /ID# 160045,United States,Whittier,California,90606,Completed
015,Denver Arthritis Clinic /ID# 159899,United States,Denver,Colorado,80230,Completed
016,Colorado Arthritis Associates /ID# 159856,United States,Lakewood,Colorado,80228,Completed
017,Duplicate_Arthritis & Rheumatic Disease Specialties /ID# 161409,United States,Aventura,Florida,33180,Completed
018,International Medical Research /ID# 160051,United States,Daytona Beach,Florida,32117,Completed
019,Precision Research Organization /ID# 161293,United States,Miami Lakes,Florida,33016-1501,Completed
020,Duplicate_Suncoast Clinical Research /ID# 161417,United States,New Port Richey,Florida,34652,Completed
021,Millennium Research /ID# 159833,United States,Ormond Beach,Florida,32174,Completed
022,"Arthritis Center, Inc. /ID# 163463",United States,Palm Harbor,Florida,34684,Completed
023,Gulf Region Clinical Res Inst /ID# 159860,United States,Pensacola,Florida,32514,Completed
024,Sarasota Arthritis Center /ID# 159854,United States,Sarasota,Florida,34239,Completed
025,BayCare Medical Group /ID# 161405,United States,St. Petersburg,Florida,33705,Completed
026,West Broward Rheumatology Associates /ID# 161412,United States,Tamarac,Florida,33321,Completed
027,Clinical Research of West Florida - Tampa /ID# 160069,United States,Tampa,Florida,33606-1246,Completed
028,"Clinical Research of West Florida, Inc /ID# 159840",United States,Tampa,Florida,33606-1246,Completed
029,USF Health Morsani Center for /ID# 161291,United States,Tampa,Florida,33612,Completed
030,"BayCare Medical Group, Inc. /ID# 159912",United States,Tampa,Florida,33614-7101,Completed
031,Florida Medical Clinic /ID# 160013,United States,Zephyrhills,Florida,33542,Completed
032,"Jefrey D. Lieberman, MD, P.C. /ID# 159842",United States,Decatur,Georgia,30033,Completed
033,Atlanta Research Center for Rheumatology /ID# 161201,United States,Marietta,Georgia,20060,Completed
034,Velocity Clinical Research - Boise /ID# 159922,United States,Meridian,Idaho,83642,Completed
035,Great Lakes Clinical Trials /ID# 163438,United States,Chicago,Illinois,60640,Completed
036,Deerbrook Medical Associates /ID# 159815,United States,Libertyville,Illinois,60048,Completed
037,Duplicate_Clinic of Robert Hozman/Clinical Investigation Specialists /ID# 160068,United States,Skokie,Illinois,60076,Completed
038,"The Arthritis & Diabetes Clinic, Inc. /ID# 161294",United States,Monroe,Louisiana,71203,Completed
039,Arthritis Treatment Center /ID# 160053,United States,Frederick,Maryland,21204,Completed
040,The Center for Rheumatology and Bone Research /ID# 159900,United States,Wheaton,Maryland,20902,Completed
041,Clinical Pharmacology Study Group /ID# 158712,United States,Worcester,Massachusetts,01605,Completed
042,Clinvest Research LLC /ID# 161208,United States,Springfield,Missouri,65807,Completed
043,Westroads Clinical Research /ID# 160004,United States,Omaha,Nebraska,68114,Completed
044,Atlantic Coast Research /ID# 159810,United States,Toms River,New Jersey,08755,Completed
045,Duplicate_Arthritis and Osteo Assoc /ID# 160015,United States,Las Cruces,New Mexico,88011,Completed
046,Center for Rheumatology LLP /ID# 167046,United States,Albany,New York,12203-3710,Completed
047,St. Lawrence Health System /ID# 159857,United States,Potsdam,New York,13676,Completed
048,"DJL Clinical Research, PLLC /ID# 161414",United States,Charlotte,North Carolina,28211,Completed
049,"Physicians East, PA /ID# 159898",United States,Greenville,North Carolina,27834,Completed
050,Shanahan Rheuma & Immuno /ID# 160012,United States,Raleigh,North Carolina,27617,Completed
051,PMG Research of Wilmington LLC /ID# 161403,United States,Wilmington,North Carolina,28401,Completed
052,Trinity Health Med Arts Clinic /ID# 159811,United States,Minot,North Dakota,58701,Completed
053,"STAT Research, Inc. /ID# 161416",United States,Vandalia,Ohio,45377-9464,Completed
054,Health Research of Oklahoma /ID# 159913,United States,Oklahoma City,Oklahoma,73103-2400,Completed
055,Altoona Ctr Clinical Res /ID# 159861,United States,Duncansville,Pennsylvania,16635,Completed
056,University of Pittsburgh MC /ID# 161193,United States,Pittsburgh,Pennsylvania,15260,Completed
057,"Articularis Healthcare Group, Inc d/b/a Low Country Rheumatology /ID# 163462",United States,Summerville,South Carolina,29486-7887,Completed
058,"Rheumatology Consultants, PLLC /ID# 161408",United States,Knoxville,Tennessee,37909,Completed
059,Dr. Ramesh Gupta /ID# 160067,United States,Memphis,Tennessee,38119,Completed
060,"Tekton Research, Inc. /ID# 160008",United States,Austin,Texas,78745,Completed
061,Diagnostic Group /ID# 161406,United States,Beaumont,Texas,77701,Completed
062,Arthritis and Osteoporosis Clinic Of Brazos Valley /ID# 163439,United States,College Station,Texas,77845,Completed
063,Adriana Pop-Moody MD Clinic PA /ID# 160009,United States,Corpus Christi,Texas,78404,Completed
064,Metroplex Clinical Research /ID# 159818,United States,Dallas,Texas,75231,Completed
065,Rheumatic Disease Clin Res Ctr /ID# 161252,United States,Houston,Texas,77004,Completed
066,Accurate Clinical Research /ID# 160052,United States,Houston,Texas,77089,Completed
067,P&I Clinical Research /ID# 159837,United States,Lufkin,Texas,75904-3132,Completed
068,SW Rheumatology Res. LLC /ID# 160014,United States,Mesquite,Texas,75150,Completed
069,DM Clinical Research - Tomball /ID# 161753,United States,Tomball,Texas,77375,Completed
070,Arthritis & Osteoporosis Clinic /ID# 161400,United States,Waco,Texas,76710,Completed
071,"Arthritis Clinic of N. VA, P.C /ID# 159858",United States,Arlington,Virginia,22205,Completed
072,Duplicate_Swedish Medical Center /ID# 159918,United States,Seattle,Washington,98104,Completed
073,Emeritus Research Sydney /ID# 166751,Australia,Botany,New South Wales,2019,Completed
074,The Queen Elizabeth Hospital /ID# 200840,Australia,Woodville South,South Australia,5011,Completed
075,Box Hill Hospital /ID# 166752,Australia,Box Hill,Victoria,3128,Completed
076,Heidelberg Repatriation Hospital /ID# 167441,Australia,Heidelberg West,Victoria,3081,Completed
077,ReumaClinic /ID# 164214,Belgium,Genk,Limburg,3600,Completed
078,UZ Gent /ID# 164210,Belgium,Ghent,Oost-Vlaanderen,9000,Completed
079,CIP - Centro Internacional de Pesquisa /ID# 161808,Brazil,Goiânia,Goiás,74110-120,Completed
080,Faculdade de Medicina do ABC /ID# 163489,Brazil,Santo André,La Spezia,09060-870,Completed
081,Hospital de Clínicas da Universidade Federal de Uberlândia /ID# 161794,Brazil,Uberlândia,Minas Gerais,38400-902,Completed
082,Hospital de Clinicas de Porto Alegre /ID# 161795,Brazil,Porto Alegre,Rio Grande do Sul,90035-903,Completed
083,LMK Sevicos Medicos S/S /ID# 161806,Brazil,Porto Alegre,Rio Grande do Sul,90480-000,Completed
084,Duplicate_Hospital das Clinicas da Faculdade de Medicina de Ribeirao Preto - USP /ID# 163317,Brazil,Ribeirão Preto,São Paulo,14051-140,Completed
085,Hospital das Clinicas da Faculdade de Medicina da Universidade de Sao /ID# 161793,Brazil,São Paulo,,05403-000,Completed
086,"Percuro Clinical Research, Ltd /ID# 157835",Canada,Victoria,British Columbia,V8V 3M9,Completed
087,CIADS Research Co Ltd /ID# 157843,Canada,Winnipeg,Manitoba,R3N 0K6,Completed
088,The Waterside Clinic /ID# 157838,Canada,Orillia,Ontario,L3V 1T5,Completed
089,Groupe de Recherche en Maladies Osseuses Inc /ID# 157836,Canada,Sainte-Foy,Quebec,G1V 3M7,Completed
090,Centre de Recherche Musculo-Squelettique /ID# 163557,Canada,Trois-Rivières,Quebec,G8Z 1Y2,Completed
091,CTR Estudios Clinicos /ID# 206038,Chile,Providencia,Aysén,7500571,Completed
092,Duplicate_Clinica Dermacross /ID# 169537,Chile,Santiago,,7640881,Completed
093,Duplicate_Centro Internacional de Estudios Clinicos /ID# 169543,Chile,Santiago,,8420383,Completed
094,Prosalud Ltda. /ID# 169542,Chile,Santiago,,ZC:7510047,Completed
095,"Revmatologie Bruntal, s.r.o /ID# 159632",Czechia,Prostějov,,796 01,Completed
096,"Medical Plus, s.r.o. /ID# 159631",Czechia,Uherské Hradiště,,686 01,Completed
097,Hopital Saint Joseph /ID# 163755,France,Marseille,Bouches-du-Rhone,13008,Completed
098,CHU Toulouse /ID# 163743,France,Toulouse,Occitanie,31300,Completed
099,Centre Hospitalier du Mans /ID# 163746,France,Le Mans,Sarthe,72037,Completed
100,CHRU Tours - Hopital Trousseau /ID# 163772,France,Chambray-lès-Tours,,37170,Completed
101,Duplicate_CHU-Hospital Henri Mondor /ID# 163895,France,Créteil,,94010,Completed
102,Duplicate_AP-HP - Hopital Lariboisiere /ID# 163773,France,Paris,,75010,Completed
103,General Hospital of Athens Laiko /ID# 163474,Greece,Athens,Attica,11527,Completed
104,Naval Hospital of Athens /ID# 163495,Greece,Athens,,11521,Completed
105,Reg Gen Univ Hosp Larissa /ID# 163493,Greece,Larissa,,41110,Completed
106,Gyor-Moson-Sopron Varmegyei Petz Aladar Egyetemi Oktato Korhaz /ID# 162573,Hungary,Győr,Győr-Moson-Sopron,9024,Completed
107,Vital Medicina Kft /ID# 162571,Hungary,Veszprém,Veszprém megye,8200,Completed
108,Betegapolo Irgalmasrend Budai Irgalmasrendi Korhaz /ID# 170911,Hungary,Budapest,,1023,Completed
109,Revita Reumatologiai Rendelo /ID# 162575,Hungary,Budapest,,1027,Completed
110,Obudai Egeszsegugyi Centrum Kft. /ID# 162576,Hungary,Budapest,,1036,Completed
111,Debreceni Egyetem Kenezy Gyula Egyetemi Korhaz /ID# 162572,Hungary,Debrecen,,4031,Completed
112,MÁV Kórház /ID# 162574,Hungary,Szolnok,,5000,Completed
113,Azienda Ospedaliera Universitaria Federico II /ID# 202410,Italy,Napoli,L Aquila,80131,Completed
114,Duplicate_Fondazione Policlinico Universitario Campus Bio-Medico di Roma /ID# 164123,Italy,Rome,Roma,00128,Completed
115,Duplicate_Fondazione PTV Policlinico Tor Vergata /ID# 162749,Italy,Rome,Roma,00133,Completed
116,Duplicate_Azienda Ospedaliero Universitaria Ospedali Riuniti di Ancona /ID# 162748,Italy,Ancona,,60126,Completed
117,Duplicate_A.O.U. Policlinico G. Rodolico S.Marco- Presidio G.Rodolico /ID# 164126,Italy,Catania,,95123,Completed
118,Duplicate_AOU Arcispedale Sant Anna di /ID# 164127,Italy,Cona,,44124,Completed
119,ASST Gaetano Pini/Presidio Ospedaliero Pini /ID# 164125,Italy,Milan,,20122,Completed
120,Duplicate_Azienda Unita Sanitaria Locale/IRCCS /ID# 162751,Italy,Reggio Emilia,,42123,Completed
121,Daido Hospital /ID# 163639,Japan,Nagoya,Aichi-ken,457-8511,Completed
122,Nagoya City University Hospital /ID# 162563,Japan,Nagoya,Aichi-ken,467-8602,Completed
123,Fukuoka University Hospital /ID# 161774,Japan,Fukuoka,Fukuoka,814-0180,Completed
124,Duplicate_Kitakyushu Municipal Medical Center /ID# 163516,Japan,Kitakyushu-shi,Fukuoka,802-8561,Completed
125,"Hospital of the University of Occupational and Environmental Health, Japan /ID# 161472",Japan,Kitakyushu-shi,Fukuoka,807-8556,Completed
126,Asahikawa Medical University Hospital /ID# 200684,Japan,Asahikawa-shi,Hokkaido,078-8510,Completed
127,Mie University Hospital /ID# 162085,Japan,Tsu,Mie-ken,514-8507,Completed
128,Tohoku University Hospital /ID# 164035,Japan,Sendai,Miyagi,9808574,Completed
129,Oribe Clinic of Rheumatism and Medicine /ID# 163704,Japan,Ōita,Oita Prefecture,870-0823,Completed
130,Kansai Medical University Hospital /ID# 162081,Japan,Hirakata-shi,Osaka,573-1191,Completed
131,National Hospital Organization Osaka Minami Medical Center /ID# 162589,Japan,Kawachinagano Shi,Osaka,586-8521,Completed
132,Osaka Metropolitan University Hospital /ID# 162082,Japan,Osaka,Osaka,545-8586,Completed
133,Nippon Life Saiseikai Public Interest Foundation Nippon Life Hospital /ID# 161773,Japan,Osaka,Osaka,550-0006,Completed
134,Juntendo University Hospital /ID# 162089,Japan,Bunkyo-ku,Tokyo,113-8431,Completed
135,St.Luke's International Hospital /ID# 162013,Japan,Chuo-ku,Tokyo,104-8560,Completed
136,Keio University Hospital /ID# 162130,Japan,Shinjuku-ku,Tokyo,160-8582,Completed
137,Medisch Centrum Leeuwarden /ID# 163049,Netherlands,Leeuwarden,South Holland,8934 AD,Completed
138,Duplicate_Erasmus Medisch Centrum /ID# 163052,Netherlands,Rotterdam,South Holland,3015 GD,Completed
139,Maasstad Ziekenhuis /ID# 163050,Netherlands,Rotterdam,South Holland,3079 DZ,Completed
140,Sint Maartenskliniek /ID# 163703,Netherlands,Ubbergen,,6574 NA,Completed
141,Duplicate_Middlemore Hospital /ID# 166411,New Zealand,Otahuhu,Auckland,2025,Completed
142,Timaru Medical Specialists Ltd /ID# 166410,New Zealand,Timaru,Canterbury,7910,Completed
143,Waikato Hospital /ID# 166412,New Zealand,Hamilton,Waikato Region,3240,Completed
144,Porter Rheumatology Ltd /ID# 200422,New Zealand,Nelson,,7010,Completed
145,"Duplicate_Centro Hospitalar de Vila Nova de Gaia/Espinho, EPE /ID# 165897",Portugal,Vila Nova de Gaia,Porto District,4434-502,Completed
146,"Unidade Local de Saúde do Alto Minho, EPE - Hospital Conde de Bertiandos /ID# 165898",Portugal,Ponte de Lima,Viana do Castelo District,4990-041,Completed
147,Instituto Portugues De Reumatologia /ID# 165894,Portugal,Lisbon,,1050-034,Completed
148,"Centro Hospitalar de Lisboa Ocidental, EPE - Hospital Egas Moniz /ID# 165896",Portugal,Lisbon,,1349-019,Completed
149,"Unidade Local de Saude de Santa Maria, EPE /ID# 165895",Portugal,Lisbon,,1649-035,Completed
150,"Alma M. Cruz Santana, MD-Private practice /ID# 163308",Puerto Rico,Carolina,,00985,Completed
151,Ponce Medical School Foundation /ID# 163918,Puerto Rico,Ponce,,00716-0377,Completed
152,GCM Medical Group PSC /ID# 163716,Puerto Rico,San Juan,,00917-3104,Completed
153,Duplicate_Ajou University Hospital /ID# 163893,South Korea,Suwon,Gyeonggido,16499,Completed
154,Duplicate_Inha University Hospital /ID# 163892,South Korea,Junggu,Incheon Gwang Yeogsi,22332,Completed
155,Hospital Clinico Universitario Virgen de la Arrixaca /ID# 163138,Spain,El Palmar,Murcia,30120,Completed
156,Duplicate_Hospital Universitario A Coruna - CHUAC /ID# 161019,Spain,A Coruña,,15006,Completed
157,Duplicate_Hospital Universitario Reina Sofia /ID# 170764,Spain,Córdoba,,14004,Completed
158,Hospital Campus de la Salud /ID# 170768,Spain,Granada,,18016,Completed
159,Hospital Universitario Ramon y Cajal /ID# 161020,Spain,Madrid,,28034,Completed
160,Royal United Hospitals Bath /ID# 161054,United Kingdom,Bath,Bath And North East Somerset,BA1 3NG,Completed
161,Barts Health NHS Trust /ID# 161053,United Kingdom,London,"London, City of",E1 2ES,Completed
162,Guys and St Thomas NHS Foundation Trust /ID# 161063,United Kingdom,London,"London, City of",SE1 9RT,Completed
163,Duplicate_NHS Greater Glasgow and Clyde /ID# 162712,United Kingdom,Glasgow,,G12 0XH,Completed
164,Duplicate_Bedfordshire Hospitals NHS Foundation Trust /ID# 162713,United Kingdom,Luton,,LU4 0DZ,Completed
165,Duplicate_Christchurch University Hospitals Dorset NHS University Hospitals Dors /ID# 162711,United Kingdom,Poole,,BH15 2JB,Completed
