Site Number,Site Name,Country,City,State,Zip,Status
001,La Mesa Cardiac Center,United States,La Mesa,California,91942,Completed
002,Long Beach Center for Clinical Research,United States,Long Beach,California,90807,Completed
003,VA Greater Los Angeles Healthcare System,United States,Los Angeles,California,90073,Completed
004,Merced Vein and Vascular Center,United States,Merced,California,95340,Completed
005,University of California Irvine,United States,Orange,California,92865,Completed
006,"Covigilant Research, LLC",United States,Riverside,California,92506,Completed
007,University of California,United States,Torrance,California,90502,Completed
008,Orange County Research Center,United States,Tustin,California,92780,Completed
009,Blue Coast Cardiology,United States,Vista,California,92083,Completed
010,"South Denver Cardiology Associates, PC",United States,Littleton,Colorado,80120,Completed
011,Integrated Heart Care,United States,Boca Raton,Florida,33434,Completed
012,Morton Plant Mease Health Care,United States,Clearwater,Florida,33756,Completed
013,Nature Coast Clinical Research,United States,Crystal River,Florida,34429,Completed
014,"Avail Clinical Research, LLC",United States,DeLand,Florida,32720,Completed
015,Holy Cross Hospital,United States,Fort Lauderdale,Florida,33308,Completed
016,Integrative Research Associates,United States,Fort Lauderdale,Florida,33312,Completed
017,Nature Coast Clinical Research,United States,Inverness,Florida,34452,Completed
018,"East Coast Institute for Research, LLC",United States,Jacksonville,Florida,32216,Completed
019,Jacksonville Center for Clinical Research,United States,Jacksonville,Florida,32216,Completed
020,Cardiovascular Research Center of South Florida,United States,Miami,Florida,33173,Completed
021,"Peninsula Research, Inc.",United States,Ormond Beach,Florida,32174,Completed
022,"Cardiology Consultants, Inc",United States,Pensacola,Florida,32501,Completed
023,Sarasota Memorial Hospital,United States,Sarasota,Florida,34239,Completed
024,Grady Clinical Research Center,United States,Atlanta,Georgia,30303,Completed
025,Augusta University,United States,Augusta,Georgia,30912,Completed
026,Columbus Regional Research Institute,United States,Columbus,Georgia,31904,Completed
027,Cardiovascular Group PC,United States,Lawrenceville,Georgia,30046,Completed
028,"Meridian Clinical Research, LLC",United States,Savannah,Georgia,31406,Completed
029,"Northwest Heart Clinical Research, LLC",United States,Arlington Heights,Illinois,60005,Completed
030,University of Chicago,United States,Chicago,Illinois,60637,Completed
031,Captain James A. Lovell Federal Health Care Center,United States,North Chicago,Illinois,60064,Completed
032,Rockford Cardiovascular Associates,United States,Rockford,Illinois,61107,Completed
033,Midwest Cardiovascular Research and Education Foundation,United States,Elkhart,Indiana,46514,Completed
034,"St. Francis Medical Group-Indiana Heart Physicians, Inc",United States,Indianapolis,Indiana,46237,Completed
035,Reid Hospital,United States,Richmond,Indiana,47374,Completed
036,Beacon Medical Group Clinical Research,United States,South Bend,Indiana,46601,Completed
037,"Research Integrity, LLC",United States,Owensboro,Kentucky,42303,Completed
038,Cambridge Medical Trials,United States,Alexandria,Louisiana,71301,Completed
039,Louisiana Heart Center,United States,Covington,Louisiana,70433,Completed
040,"Clinical Trials of America, LLC",United States,Monroe,Louisiana,71201,Completed
041,Tulane University Hospital and Clinic,United States,New Orleans,Louisiana,70112,Completed
042,Anne Arundel Medical Center,United States,Annapolis,Maryland,21401,Completed
043,Johns Hopkins University Hospital School of Medicine,United States,Baltimore,Maryland,21205,Completed
044,MedStar Health Research Institute,United States,Baltimore,Maryland,21237,Completed
045,Metropolitan Cardiovascular Consultants,United States,Beltsville,Maryland,20705,Completed
046,Spectrum Clinical Research,United States,Towson,Maryland,21204,Completed
047,Tufts Medical Center,United States,Boston,Massachusetts,02111,Completed
048,"East Mountain Medical Associates, PC",United States,Great Barrington,Massachusetts,01230,Completed
049,Alpena General Hospital,United States,Alpena,Michigan,49707,Completed
050,Regions Hospital,United States,Saint Paul,Minnesota,55101,Completed
051,Saint Louis University,United States,St Louis,Missouri,63110,Completed
052,SLHV,United States,St Louis,Missouri,63136,Completed
053,Palm Research Center,United States,Las Vegas,Nevada,89148,Completed
054,"Advanced Heart Care, LLC",United States,Bridgewater,New Jersey,08807,Completed
055,"Trinity Medical WNY, PC",United States,Cheektowaga,New York,14227,Completed
056,Northwell Health,United States,Great Neck,New York,11021,Completed
057,Mount Sinai School of Medicine,United States,Lake Success,New York,11041,Completed
058,St. Luke's Roosevelt Hospital,United States,New York,New York,10025,Completed
059,Harlem Cardiology,United States,New York,New York,10035,Completed
060,Stony Brook University Medical Center,United States,Stony Brook,New York,11794,Completed
061,"Cardiac Care and Vascular Medicine, PLLC",United States,The Bronx,New York,10469,Completed
062,Asheville Cardiology Associates,United States,Asheville,North Carolina,28803,Completed
063,Kernodle Clinic West,United States,Burlington,North Carolina,27215,Completed
064,The University of North Carolina at Chapel Hill,United States,Chapel Hill,North Carolina,27599-5021,Completed
065,Novant Health Heart and Vascular Institute,United States,Charlotte,North Carolina,28204,Completed
066,Duke University Medical Center,United States,Durham,North Carolina,27609,Completed
067,Clinical Research of Gastonia,United States,Gastonia,North Carolina,28054,Completed
068,"Clinical Trials of America, Inc",United States,Lenoir,North Carolina,28645,Completed
069,Rama Research LLC,United States,Marion,Ohio,43302,Completed
070,University of Toledo,United States,Toledo,Ohio,43614,Completed
071,South Oklahoma Heart Research Group,United States,Oklahoma City,Oklahoma,73135,Completed
072,Doylestown Health Cardiology,United States,Doylestown,Pennsylvania,18901,Completed
073,"York Hospital, WellSpan Health",United States,York,Pennsylvania,17403,Completed
074,AnMed Health Clinical Research,United States,Anderson,South Carolina,29621,Completed
075,Ralph H. Johnson VA Medical Center,United States,Charleston,South Carolina,29401,Completed
076,Palmetto Health,United States,Columbia,South Carolina,29203,Completed
077,William Jennings Bryan Dorn VA Medical Center,United States,Columbia,South Carolina,29209,Completed
078,Clinical Research of Rock Hill,United States,Rock Hill,South Carolina,29732,Completed
079,"Palmetto Research Center, LLC",United States,Spartanburg,South Carolina,29302,Completed
080,Methodist University Hospital,United States,Memphis,Tennessee,38104,Completed
081,Baylor Heart and Vascular Hospital,United States,Dallas,Texas,75226,Completed
082,Soltero Cardiovascular Research Center,United States,Dallas,Texas,75226,Completed
083,University of Texas Southwestern Medical Center,United States,Dallas,Texas,75390-8837,Completed
084,University of North Texas Health Science Center,United States,Fort Worth,Texas,76107,Completed
085,The Methodist Hospital,United States,Houston,Texas,77030,Completed
086,The Heart Hospital,United States,Plano,Texas,75093,Completed
087,Alpine Research Organization,United States,Farmington,Utah,84025,Completed
088,"Cardiac Health Management Network, P.C.",United States,Chester,Virginia,23836,Completed
089,Hunter Holmes McGuire VA Medical Center,United States,Richmond,Virginia,23249,Completed
090,Roanoke Heart Institute PLC,United States,Roanoke,Virginia,24014,Completed
091,Salem VA Medical Center,United States,Salem,Virginia,24153,Completed
092,Marshfield Clinic,United States,Marshfield,Wisconsin,54449,Completed
093,Hospital Interzonal General de Agudos Dr Jose Penna,Argentina,Bahía Blanca,,B8001DDU,Completed
094,"Hospital Italiano Regional del Sur, Bahia Blanca",Argentina,Bahía Blanca,,B8001HXM,Completed
095,CIPREC,Argentina,CABA,,C1119ACN,Completed
096,Hospital Italiano de Buenos Aires,Argentina,CABA,,C1199ABB,Completed
097,Consultorios Asociados de Endocrinología e Invest Clínica,Argentina,Ciudad Autonoma Buenos Aires,,C1425AGC,Completed
098,Instituto Cardiovascular de Buenos Aires,Argentina,Ciudad Autonoma Buenos Aires,,C1428ART,Completed
099,CCBR - Buenos Aires - AR,Argentina,Ciudad Autonoma Buenos Aires,,C1430CKE,Completed
100,Centro Médico Viamonte,Argentina,Ciudad Autonoma de Bs As,,C1120AAC,Completed
101,Sanatorio Güemes,Argentina,Ciudad Autónoma de Bs As,,C1180AAX,Completed
102,Instituto Medico Elsa Perez SRL (IMEP),Argentina,Ciudadela,,1702,Completed
103,Clinica Coronel Suarez SA,Argentina,Coronel Suárez,,B7540DOL,Completed
104,Instituto de Cardiología de Corrientes,Argentina,Corrientes,,W3400AMZ,Completed
105,Sanatorio Mayo Privado SA,Argentina,Córdoba,,5000,Completed
106,Centro de Investigaciones Clinicas Instituto del Corazon,Argentina,Córdoba,,X5000EVQ,Completed
107,Sanatorio Allende S.A.,Argentina,Córdoba,,X5000JHQ,Completed
108,Clínica Colombo,Argentina,Córdoba,,X5002AOQ,Completed
109,Instituto Médico DAMIC S.R.L.,Argentina,Córdoba,,X5003DCE,Completed
110,Hospital Privado,Argentina,Córdoba,,X5016KEH,Completed
111,Hospital Italiano de La Plata,Argentina,La Plata,,B1900AXI,Completed
112,Centro de Investigaciones Médicas,Argentina,Mar del Plata,,B7600FYK,Completed
113,Hospital Privado de Comunidad,Argentina,Mar del Plata,,B7602CBM,Completed
114,Clínica Olivos,Argentina,Olivos,,1602,Completed
115,CER Instituto Médico,Argentina,Quilmes,,B1878DVB,Completed
116,Instituto de Investigaciones Clínicas de Quilmes,Argentina,Quilmes,,B1878GEG,Completed
117,Instituto de Investigaciones Clinicas de Rosario,Argentina,Rosario,,2000,Completed
118,Instituto Medico Fundación Grupo Colaborativo Rosario,Argentina,Rosario,,2000,Completed
119,Sanatorio Británico,Argentina,Rosario,,2000,Completed
120,Sanatorio Plaza,Argentina,Rosario,,2000,Completed
121,Sanatorio Parque,Argentina,Rosario,,S2000DSV,Completed
122,Instituto CAICI,Argentina,Rosario,,S2000PBJ,Completed
123,"CORDIS S.A., Salta",Argentina,Salta,,A4400ANW,Completed
124,Centro Cardiovascular Salta,Argentina,Salta,,A4406BFP,Completed
125,Corporacion Medica de Gral. San Martin S.A.,Argentina,San Martín,,B1650CSQ,Completed
126,Investigaciones Clinicas Tucuman,Argentina,San Miguel de Tucumán,,T4000ICL,Completed
127,Instituto de Cardiología,Argentina,San Miguel de Tucumán,,T4000JCU,Completed
128,CCBR Tucuman,Argentina,San Miguel de Tucumán,,T4000,Completed
129,Centro Medico Luquez,Argentina,San Vicente,,X5006CBI,Completed
130,Centro de Investigaciones Clínicas del Litoral,Argentina,Santa Fe,,S3000FWO,Completed
131,"Hospital ""Dr. José Maria Cullen """,Argentina,Santa Fé,,S3000EOZ,Completed
132,CEMEDIC - Centro de Especialidades Medicas,Argentina,Villa Luro,,C1440CFD,Completed
133,John Hunter Hospital,Australia,New Lambton Heights,New South Wales,2305,Completed
134,CORE Research Group,Australia,Milton,Queensland,4064,Completed
135,Mater Hospital Brisbane,Australia,South Brisbane,Queensland,4101,Completed
136,SA-Heart Ashford Specialist Centre,Australia,Ashford,South Australia,5035,Completed
137,Heart and Vascular Research,Australia,Fullarton,South Australia,5063,Completed
138,The Northern Hospital,Australia,Epping,Victoria,3076,Completed
139,St Vincent's Hospital Melbourne,Australia,Fitzroy,Victoria,3065,Completed
140,University Hospital Geelong,Australia,Geelong,Victoria,3220,Completed
141,Royal Melbourne Hospital,Australia,Parkville,Victoria,3050,Completed
142,AZ Sint-Jan Brugge,Belgium,Bruges,,3000,Completed
143,C.H.U. de Charleroi,Belgium,Charleroi,,6000,Completed
144,AZ Sint-Blasius,Belgium,Dendermonde,,9200,Completed
145,Ziekenhuis Oost-Limburg - Campus Sint-Jan,Belgium,Genk,,3600,Completed
146,AZ Sint-Lucas - Campus Sint Lucas,Belgium,Ghent,,9000,Completed
147,Grand Hôpital de Charleroi,Belgium,Gilly,,6060,Completed
148,Jessa Ziekenhuis - Campus Virga Jesse,Belgium,Hasselt,,3500,Completed
149,La Louvière - UNIV CHU Tivoli,Belgium,La Louvière,,7100,Completed
150,UZ Leuven,Belgium,Leuven,,3000,Completed
151,AZ Sint-Maarten,Belgium,Mechelen,,2800,Completed
152,Hospital Felicio Rocho,Brazil,Belo Horizonte,,30110-060,Completed
153,Hospital Vera Cruz,Brazil,Belo Horizonte,,30140-062,Completed
154,Cardresearch Cardiologia Assistencial e de Pesquisas Ltda,Brazil,Belo Horizonte,,30150-240,Completed
155,CCBR - Brasília,Brazil,Brasília,,70200-730,Completed
156,ICDF - Instituto de Cardiologia do Distrito Federal,Brazil,Brasília,,70673-900,Completed
157,CECAP - Centro de Cardiologia Clínica,Brazil,Brasília,,70710-100,Completed
158,Hospital Angelina Caron,Brazil,Campina Grande do Sul,,83430-000,Completed
159,Centro Especializado em Cardiol Loema Instituto de Pesq Clin,Brazil,Campinas,,13010-001,Completed
160,IPECC - Instituto de Pesquisa Clínica de Campinas,Brazil,Campinas,,13060-080,Completed
161,"CAEP - Centro Avançado de Estudos e Pesquisas Ltda.,Campinas",Brazil,Campinas,,13087-567,Completed
162,Hospital Universitário,Brazil,Canoas,,92425-900,Completed
163,IPCEM - Instituto de Pesquisa Clínica para Estudos Multicêntricos - Universidade de Caxias do Sul,Brazil,Caxias do Sul,,95070-560,Completed
164,Irmandade da Santa Casa de Misericórdia de Curitiba,Brazil,Curitiba,,80230-130,Completed
165,Hospital de Messejana Dr. Carlos Alberto Studart Gomes,Brazil,Fortaleza,,60846-190,Completed
166,Barroso e Sebba Ltda,Brazil,Goiânia,,74223-130,Completed
167,HC-UFG - Hospital das Clínicas da Universidade Federal de Goiás,Brazil,Goiânia,,74605-020,Completed
168,ICM - Instituto do Coracao de Marilia,Brazil,Marília,,17515-000,Completed
169,Hospital São Vicente de Paulo,Brazil,Passo Fundo,,99010-080,Completed
170,Santa Casa de Misericórdia de Porto Alegre,Brazil,Porto Alegre,,90035-074,Completed
171,Centro de Pesquisas em Diabetes,Brazil,Porto Alegre,,90035-170,Completed
172,Hospital de Clínicas de Porto Alegre,Brazil,Porto Alegre,,90035-903,Completed
173,Instituto de Cardiologia Rio Grande do Sul,Brazil,Porto Alegre,,90620-001,Completed
174,Hospital Agamenon Magalhaes,Brazil,Recife,,52051-380,Completed
175,H.C.da Fac. de Medicina de Ribeirao Preto,Brazil,Ribeirão Preto,,14048-900,Completed
176,CCBR - Rio de Janeiro - BR,Brazil,Rio de Janeiro,,22271-100,Completed
177,Hospital Universitário Pedro Ernesto UERJ,Brazil,Rio de Janeiro - RJ,,CEP 20551,Completed
178,Pesquisare,Brazil,Santo André,,09080-110,Completed
179,Praxis Pesquisa Médica,Brazil,Santo André,,09090-790,Completed
180,CEMEC - Centro Multidisciplinar de Estudos Clínicos,Brazil,São Bernardo do Campo,,09780-000,Completed
181,"Fundacao Faculdade Regional de Medicina, Sao Jose",Brazil,São José do Rio Preto,,15090-000,Completed
182,Centro de Pesquisa Clinica - CPCLIN,Brazil,São Paulo,,01244-030,Completed
183,FGM - Clínica Paulista de Doenças Cardiovasculares,Brazil,São Paulo,,01323-000,Completed
184,CDEC BRASIL - Centro de Desenvolvimento em Estudos Clínicos Brasil,Brazil,São Paulo,,04020-060,Completed
185,Dr. Consulta,Brazil,São Paulo,,04208-002,Completed
186,CEPIC - Centro Paulista de Investigacao Clinica,Brazil,São Paulo,,04266-010,Completed
187,INCOR e Hospital das Clínicas da Universidade de São Paulo,Brazil,São Paulo,,05403-000,Completed
188,"CEDOES - Diagnóstico e Pesquisa,Vitória",Brazil,Vitória,,29055-450,Completed
189,Santa Casa de Votuporanga,Brazil,Votuporanga,,15500-003,Completed
190,Royal Alexandra Hospital,Canada,Edmonton,Alberta,T5H 3V9,Completed
191,Vancouver General Hospital,Canada,Vancouver,British Columbia,V5Z 1M9,Completed
192,St. Paul's Hospital,Canada,Vancouver,British Columbia,V6Z 1Y6,Completed
193,Victoria Heart Institute Foundation,Canada,Victoria,British Columbia,V8R 4R2,Completed
194,St. Boniface General Hospital,Canada,Winnipeg,Manitoba,R2H 2A6,Completed
195,G.A. Research Associates Ltd,Canada,Moncton,New Brunswick,E1G 1A7,Completed
196,QEII Health Sciences Centre,Canada,Halifax,Nova Scotia,B3H 2Y9,Completed
197,Brampton Cardio Pulmonary Clinic,Canada,Brampton,Ontario,L6W 2X7,Completed
198,JBN Medical Diagnostic Services Inc.,Canada,Burlington,Ontario,L7M 4Y1,Completed
199,Cambridge Cardiac Care Inc.,Canada,Cambridge,Ontario,N1R 6V6,Completed
200,Health Sciences North,Canada,Greater Sudbury,Ontario,P3E 5J1,Completed
201,Curnew Medicine Professional Corporation,Canada,Hamilton,Ontario,L8L 0A9,Completed
202,Hamilton General Hospital,Canada,Hamilton,Ontario,L8L 2X2,Completed
203,Southlake Regional Health Centre,Canada,Newmarket,Ontario,L3Y 2P6,Completed
204,M Heffernan Medicine Professional Corp.,Canada,Oakville,Ontario,L6K 3W7,Completed
205,Kawartha Cardiology Clinical Trials,Canada,Peterborough,Ontario,K9J 0B2,Completed
206,Heart Health Institute,Canada,Scarborough Village,Ontario,M1B 4Z8,Completed
207,Scarborough Cardiology Research,Canada,Scarborough Village,Ontario,M1E 5E9,Completed
208,Canadian Phase Onward Inc.,Canada,Toronto,Ontario,M3J 2C5,Completed
209,North York Diagnostic and Cardiac Centre,Canada,Toronto,Ontario,M6B 1N6,Completed
210,Diabetes Heart Research Centre,Canada,Toronto,Ontario,M6G 1M2,Completed
211,Mohan Babapulle Medicine Professional Medicine,Canada,Waterloo,Ontario,N2T 0C1,Completed
212,Dr. Louis C.H. Yao,Canada,York,Ontario,M9N 1W4,Completed
213,ViaCar Recherche Clinique Inc,Canada,Greenfield Park,Quebec,J4V 2G8,Completed
214,Centre de Dépistage et Recherche Cardiovasculaire Rive-Sud,Canada,Longeuil,Quebec,J4M 2X1,Completed
215,Clinique Santé Cardio MC,Canada,Montreal,Quebec,H1T 3Y7,Completed
216,Montreal General Hospital - McGill University Health Centre,Canada,Montreal,Quebec,H3G 1A4,Completed
217,McGill University Health Centre (MUHC),Canada,Montreal,Quebec,H4A 3J1,Completed
218,Centre de sante et de services sociaux de Beauce,Canada,Saint George-de-Beauce,Quebec,G5Y 4T8,Completed
219,IUCPQ (Laval University),Canada,Québec,,G1V 4G5,Completed
220,Cardiovascular Institute and Fu Wai Hospital,China,Beijing,,100037,Completed
221,Beijing Friendship Hospital,China,Beijing,,100050,Completed
222,First Hospital of Jilin University,China,Changchun,,130021,Completed
223,Hunan Provincial People's Hospital,China,Changsha,,410005,Completed
224,2nd Xiangya Hospital of Central South University,China,Changsha,,410011,Completed
225,The Third Hospital of Changsha,China,Changsha,,410015,Completed
226,Dongguan People's Hospital,China,Dongguan,,523059,Completed
227,The First Affiliated Hospital of Fujian Medical University,China,Fuzhou,,350005,Completed
228,"The First Afiliated Hospital, Sun Yet-sen University",China,Guangzhou,,510080,Completed
229,Guangzhou First Municipal People's Hospital,China,Guangzhou,,510180,Completed
230,Haikou People's Hospital,China,Haikou,,570208,Completed
231,HaiNan Provincial People's Hospital,China,Haikou,,570311,Completed
232,The First Affiliated Hospital of Lanzhou University,China,Lanzhou,,730000,Completed
233,The Second Affiliated Hospital of Lanzhou Medical University,China,Lanzhou,,730030,Completed
234,The Affiliated Hospital of Southwest Medical University,China,Luzhou,,646099,Completed
235,Nanchang University Affiliated 3rd Hospital,China,Nanchang,,330008,Completed
236,First Hospital Affiliated with Nanjing Medical University,China,Nanjing,,210029,Completed
237,"Huashan Hospital, Fudan University",China,Shanghai,,200040,Completed
238,General Hospital of Shenyang Military Region,China,Shenyang,,110015,Completed
239,Shengjing Hospital of China Medical University,China,Shenyang,,110072,Completed
240,Tianjin Union Medical Center Nankai University Affiliated Hospital,China,Tianjin,,300121,Completed
241,"Tongji Hospital, Tongji University",China,Wuhan,,430030,Completed
242,Renmin Hospital of Wuhan University,China,Wuhan,,430060,Completed
243,First Affiliated Hospital of Xi'an JiaoTong University,China,Xi'an,,710061,Completed
244,Yanbian University Hospital,China,Yanji,,133000,Completed
245,the first people hospital of Yue Yang,China,Yueyang,,414000,Completed
246,Affiliated Hospital of Jiangsu University,China,Zhenjiang,,212013,Completed
247,Poliklinika Humanitas,Czechia,Bílovec,,74301,Completed
248,Medicus Services Ltd.,Czechia,Brandys Nad,,250 01,Completed
249,"Internal and Cardiology Practice, MUDr. Karel Kamenik, Brno",Czechia,Brno,,603 00,Completed
250,MUDr. Alexandra Ludkova,Czechia,Brno,,615 00,Completed
251,Vojenska nemocnice Brno,Czechia,Brno,,63600,Completed
252,Nemocnice Milosrdnych bratri,Czechia,Brno,,63900,Completed
253,Edumed s.r.o,Czechia,Broumov,,55001,Completed
254,"MUDr. Jan Hubac, s.r.o. Kardiologicka ambulance",Czechia,Chrudim,,53702,Completed
255,"Nemocnice ve Frydku-Mistku, prispevkova organizace",Czechia,Frýdek-Místek,,73818,Completed
256,MUDr. Ladislav Busak,Czechia,Louny,,440 01,Completed
257,Zdenek Vomacka,Czechia,Olomouc,,779 00,Completed
258,PV-Kardiologie s.r.o.,Czechia,Pardubice,,53002,Completed
259,"General Faculty Hospital, Prague",Czechia,Prague,,128 08,Completed
260,University Hospital Motol,Czechia,Prague,,15006,Completed
261,Thomayer Hospital,Czechia,Praha 4 - Krc,,140 59,Completed
262,Kardio Vaclavik s.r.o.,Czechia,Přerov,,75000,Completed
263,"Clinic of Cardiology, Pribram",Czechia,Příbram,,261 01,Completed
264,"Hospital Trebic, p.o.",Czechia,Třebíč,,67401,Completed
265,"Masaryk Hospital, Usti nad Labem",Czechia,Ústí nad Labem,,40113,Completed
266,Angiocor s.r.o,Czechia,Zlín,,76001,Completed
267,KIGE s.r.o,Czechia,Znojmo,,66902,Completed
268,HOP de Bayonne,France,Bayonne,,64100,Completed
269,HOP Jean Minjoz,France,Besançon,,25030,Completed
270,HOP Louis Pradel,France,Bron,,69500,Completed
271,HOP Côte de Nacre,France,Caen,,14033,Completed
272,HOP Arnaud de Villeneuve,France,Montpellier,,34295,Completed
273,HOP La Pitié Salpêtrière,France,Paris,,75651,Completed
274,Centre Hospitalier de Pau,France,Pau,,64046,Completed
275,HOP Haut-Lévêque,France,Pessac,,33600,Completed
276,HOP Rangueil,France,Toulouse,,31059,Completed
277,INS Louis Mathieu,France,Vandœuvre-lès-Nancy,,54511,Completed
278,"Universitätsklinikum Aachen, AöR",Germany,Aachen,,52074,Completed
279,"Praxis Dr. Rieker, Berlin",Germany,Berlin,,10789,Completed
280,Charité - Universitätsmedizin Berlin,Germany,Berlin,,12200,Completed
281,Vivantes Netzwerk für Gesundheit GmbH,Germany,Berlin,,12351,Completed
282,Charité - Universitätsmedizin Berlin,Germany,Berlin,,13353,Completed
283,Klinikum Bielefeld gGmbH,Germany,Bielefeld,,33604,Completed
284,Praxis Dr. Menzel,Germany,Dessau,,06846,Completed
285,St. Johannes Hospital Dortmund,Germany,Dortmund,,44137,Completed
286,Städtisches Klinikum Dresden,Germany,Dresden,,01067,Completed
287,GWT-TUD GmbH,Germany,Dresden,,01307,Completed
288,Helios Klinikum Erfurt,Germany,Erfurt,,99089,Completed
289,Studienzentrum Bocholderstraße,Germany,Essen,,45355,Completed
290,"ClinPhenomics GmbH & Co KG, Frankfurt",Germany,Frankfurt,,60594,Completed
291,"Universitätsmedizin Göttingen, Georg-August-Universität",Germany,Göttingen,,37075,Completed
292,Asklepios Klinik St. Georg,Germany,Hamburg,,20099,Completed
293,Medizinische Hochschule Hannover,Germany,Hanover,,30625,Completed
294,Universitätsklinikum Heidelberg,Germany,Heidelberg,,69120,Completed
295,Universitätsklinikum des Saarlandes,Germany,Homburg,,66421,Completed
296,Universitätsklinikum Jena,Germany,Jena,,07740,Completed
297,"Universitätsklinikum Schleswig-Holstein, Campus Kiel",Germany,Kiel,,24105,Completed
298,Asklepios Klinik Langen-Seligenstadt GmbH,Germany,Langen,,63225,Completed
299,"Märkische Gesundheitsholding GmbH & Co. KG, Klinikum Lüdenscheid",Germany,Lüdenscheid,,58515,Completed
300,"Praxis Dr. Sarnighausen, Lüneburg",Germany,Lüneburg,,21339,Completed
301,"Katholisches Klinikum St. Hildegardiskrankenhaus, Mainz",Germany,Mainz,,55131,Completed
302,Deutsches Herzzentrum München,Germany,München,,80636,Completed
303,Kardiologische Gemeinschaftspraxis Nienburg,Germany,Nienburg,,31582,Completed
304,Kardiologische Praxis Papenburg,Germany,Papenburg,,26871,Completed
305,Universitätsklinikum Regensburg,Germany,Regensburg,,93053,Completed
306,"Praxis Dr. Stenzel, Riesa",Germany,Riesa,,01587,Completed
307,Zentrum für Klinische Forschung,Germany,Wangen,,88239,Completed
308,Josephs-Hospital Warendorf,Germany,Warendorf,,48231,Completed
309,Petrus-Krankenhaus,Germany,Wuppertal,,42283,Completed
310,Lausmed Kft. Outpatient Unit of Internal Medicine,Hungary,Baja,,6500,Completed
311,Belgyogyaszati es Kardiologiai Maganrendelo,Hungary,Békéscsaba,,5600,Completed
312,Clinexpert Kft.,Hungary,Budapest,,1033,Completed
313,"Gottsegen Gyorgy Hungarian Instit.of Cardiology,Budapest",Hungary,Budapest,,1096,Completed
314,Bajcsy-Zsilinszky Hospital and Clinic,Hungary,Budapest,,1106,Completed
315,Semmelweis University,Hungary,Budapest,,1122,Completed
316,Milit.Hosp.-State Health Cent.,Hungary,Budapest,,1134,Completed
317,"Uzsoki Street Hospital, Budapest",Hungary,Budapest,,1145,Completed
318,Nehezlegzes Ambulancia,Hungary,Debrecen,,4027,Completed
319,"Bugat Pal Hospital, Gyongyos",Hungary,Gyöngyös,,3200,Completed
320,Selye Janos Hospital Komarom,Hungary,Komárom,,2900,Completed
321,Dorottya Kanizsai Hospital,Hungary,Nagykanizsa,,8800,Completed
322,Dr. Nagy Laszlo Kardiologiai Maganrendeles,Hungary,Orosháza,,5900,Completed
323,Pecsi Tudomanyegyetem,Hungary,Pécs,,7623,Completed
324,Da Vinci Maganklinika,Hungary,Pécs,,7635,Completed
325,Fejer County Saint George University Teaching Hospital,Hungary,Székesfehérvár,,8000,Completed
326,Veszpremi Sziv es Egeszseg Centrum,Hungary,Veszprém,,8200,Completed
327,Doctor Jivraj Mehta Smarak Health Foundation,India,Ahmedabad,,380007,Completed
328,Kamalnayan Bajaj Hospital,India,Aurangabad,,431 005,Completed
329,Narayana Institute of Cardiac Sciences,India,Bangalore,,560099,Completed
330,Rajarajeswari Medical College,India,Bengaluru,,560074,Completed
331,"Madras Medical Mission,",India,Chennai,,600 037,Completed
332,Apollo Speciality Hospital,India,Chennai,,600035,Completed
333,Medanta-The Medicity,India,Gurgaon,,122001,Completed
334,B.M. Birla Heart research Centre,India,Kolkata,,700027,Completed
335,Vijan Cardiac and Critical Care Centre,India,Nashik,,422005,Completed
336,Siddhi Hospital,India,Nashik,,422007,Completed
337,Batra Hospital and Medical Research Centre,India,New Delhi,,110 062,Completed
338,GB Pant Hospital,India,New Delhi,,110002,Completed
339,Fortis Escorts Heart Institute,India,New Delhi,,110025,Completed
340,Sir Gangaram Hospital,India,New Delhi,,110060,Completed
341,Azienda Ospedaliera G. Rummo,Italy,Benevento,,82100,Completed
342,ASST Papa Giovanni XXIII - A.O. Papa Giovanni XXIII,Italy,Bergamo,,24127,Completed
343,Azienda Ospedaliera Universitaria Arcispedale Sant'Anna,Italy,Cona (FE),,44124,Completed
344,Ospedale della Val di Chiana Santa Margherita,Italy,Cortona (AR),,52040,Completed
345,Centro Cardiologico Monzino-IRCCS,Italy,Milan,,20138,Completed
346,"Azienda Ospedaliera Universitaria ""Federico II""",Italy,Napoli,,80131,Completed
347,Azienda Ospedaliera Universitaria Pisana,Italy,Pisa,,56126,Completed
348,Umberto I Pol. di Roma-Università di Roma La Sapienza,Italy,Roma,,00161,Completed
349,Azienda Ospedaliera Sant'Andrea-Università di Roma La Sapienza,Italy,Roma,,00189,Completed
350,Azienda Servizi Sanitari 1 Triestina,Italy,Trieste,,34128,Completed
351,Kasugai Municipal Hospital,Japan,"Aichi, Kasugai",,486-8510,Completed
352,Nagoya Kyoritsu Hospital,Japan,"Aichi, Nagoya",,454-0933,Completed
353,Japanese Red Cross Nagoya Daini Hospital,Japan,"Aichi, Nagoya",,466-8650,Completed
354,Toyota Memorial Hospital,Japan,"Aichi, Toyota",,471-8513,Completed
355,Chiba Heart Clinic,Japan,"Chiba, Chiba",,263-0043,Completed
356,Kimitsu Chuo Hospital,Japan,"Chiba, Kisarazu",,292-8535,Completed
357,Seikeikai New Tokyo Heart Clinic,Japan,"Chiba, Matsudo",,271-0077,Completed
358,Ehime Prefectural Central Hospital,Japan,"Ehime, Matsuyama",,790-0024,Completed
359,Matsuyama Shimin Hospital,Japan,"Ehime, Matsuyama",,790-0067,Completed
360,Uwajima City Hospital,Japan,"Ehime, Uwajima",,798-8510,Completed
361,Fukuiken Saiseikai Hospital,Japan,"Fukui, Fukui",,918-8503,Completed
362,Fukuoka University Chikushi Hospital,Japan,"Fukuoka, Chikushino",,818-8502,Completed
363,Fukuokaken Saiseikai Futsukaichi Hospital,Japan,"Fukuoka, Chikushino",,818-8516,Completed
364,Saiseikai Fukuoka General Hospital,Japan,"Fukuoka, Fukuoka",,810-0001,Completed
365,National Hospital Organization Kyushu Medical Center,Japan,"Fukuoka, Fukuoka",,810-8563,Completed
366,Kyushu University Hospital,Japan,"Fukuoka, Fukuoka",,812-8582,Completed
367,"Aso Co.,Ltd Iizuka Hospital",Japan,"Fukuoka, Iizuka",,820-8505,Completed
368,Steel Memorial Yawata Hospital,Japan,"Fukuoka, Kitakyushu",,805-8508,Completed
369,Japan Community Health Care Organization Kyushu Hospital,Japan,"Fukuoka, Kitakyushu",,806-8501,Completed
370,Ogaki Municipal Hospital,Japan,"Gifu, Ogaki",,503-8502,Completed
371,Chuno Kosei Hospital,Japan,"Gifu, Seki",,501-3802,Completed
372,Fukuyama City Hospital,Japan,"Hiroshima, Fukuyama",,721-8511,Completed
373,JA Hiroshima General Hospital,Japan,"Hiroshima, Hatsukaichi",,738-8503,Completed
374,Shobara Red Cross Hospital,Japan,"Hiroshima, Shobara",,727-0013,Completed
375,National Hospital Organization Hakodate Hospital,Japan,"Hokkaido, Hakodate",,041-8512,Completed
376,Teine Keijinkai Clinic,Japan,"Hokkaido, Sapporo",,006-0811,Completed
377,Tomakomai City Hospital,Japan,"Hokkaido, Tomakomai",,053-8567,Completed
378,Hyogo Prefectural Amagasaki General Medical Center,Japan,"Hyogo, Amagasaki",,660-8550,Completed
379,Hyogo Brain and Heart Center,Japan,"Hyogo, Himeji",,670-0981,Completed
380,National Hospital Organization Kobe Medical Center,Japan,"Hyogo, Kobe",,654-0155,Completed
381,Mito Medical Center,Japan,"Ibaraki, Higashiibaraki-gun",,311-3193,Completed
382,National Hospital Organization Kanazawa Medical Center,Japan,"Ishikawa, Kanazawa",,920-8650,Completed
383,Mitoyo General Hospital,Japan,"Kagawa, Kanonji",,769-1695,Completed
384,Kagawa Prefectural Central Hospital,Japan,"Kagawa, Takamatsu",,760-8557,Completed
385,Yamamoto Clinic,Japan,"Kanagawa, Sagamihara",,252-0311,Completed
386,Kanagawa Cardiovascular and Respiratory Center,Japan,"Kanagawa, Yokohama",,236-0051,Completed
387,Japanese Red Cross Kumamoto Hospital,Japan,"Kumamoto, Kumamoto",,861-8520,Completed
388,Seiwakai Suizenji Touya Hospital,Japan,"Kumamoto, Kumamoto",,862-0950,Completed
389,Kumamoto Rosai Hospital,Japan,"Kumamoto, Yatsushiro",,866-8533,Completed
390,Uji-Tokushukai Medical Center,Japan,"Kyoto, Uji",,611-0041,Completed
391,Sendai Kousei Hospital,Japan,"Miyagi, Sendai",,980-0873,Completed
392,Sendai Tokushukai Hospital,Japan,"Miyagi, Sendai",,981-3131,Completed
393,The Cardiovascular Center of Sendai,Japan,"Miyagi, Sendai",,981-3133,Completed
394,National Hospital Organization Sendai Medical Center,Japan,"Miyagi, Sendai",,983-8520,Completed
395,Miyazaki Medical Association Hospital,Japan,"Miyazaki, Miyazaki",,880-0834,Completed
396,Hokushin General Hospital,Japan,"Nagano, Nakano",,383-8505,Completed
397,Nagasaki Medical Center,Japan,"Nagasaki, Omura",,856-8562,Completed
398,Okayama City General Medical Center,Japan,"Okayama, Okayama",,700-8557,Completed
399,Naha City Hospital,Japan,"Okinawa, Naha",,902-8511,Completed
400,Nanbu Tokushukai Hospital,Japan,"Okinawa, Shimajiri-gun",,901-0493,Completed
401,Urasoe General Hospital,Japan,"Okinawa, Urasoe",,901-2132,Completed
402,Higashiosaka City Medical Center,Japan,"Osaka, Higashiosaka",,578-8588,Completed
403,Kitano Hospital,Japan,"Osaka, Osaka",,530-8480,Completed
404,Yodogawa Christian Hospital,Japan,"Osaka, Osaka",,533-0024,Completed
405,Seichokai Bell Land General Hospital,Japan,"Osaka, Sakai",,599-8247,Completed
406,Hokusetsu General Hospital,Japan,"Osaka, Takatsuki",,569-8585,Completed
407,San-Ai Hospital,Japan,"Saitama, Saitama",,338-0837,Completed
408,Kosekai Iwatsuki-minami Hospital,Japan,"Saitama, Saitama",,339-0033,Completed
409,Kusatsu General Hospital,Japan,"Shiga, Kusatsu",,525-8585,Completed
410,Tokushima Prefectural Central Hospital,Japan,"Tokushima, Tokushima",,770-8539,Completed
411,National Hospital Organization Tokyo Medical Center,Japan,"Tokyo, Meguro-ku",,152-8902,Completed
412,Ome Municipal General Hospital,Japan,"Tokyo, Ome",,198-0042,Completed
413,Tokyo Rosai Hospital,Japan,"Tokyo, Ota-ku",,143-0013,Completed
414,Sekino Hospital,Japan,"Tokyo, Toshima-ku",,171-0014,Completed
415,Minami Wakayama Medical Center,Japan,"Wakayama, Tanabe",,646-8558,Completed
416,Kanmon Medical Center,Japan,"Yamaguchi, Shimonoseki",,752-8510,Completed
417,Hospital Cardiologica Aguascalientes,Mexico,Aguascalientes,,20230,Completed
418,"Centro de Investigacion Biomedica y Farmaceutica, S.C.",Mexico,Distrito Federal,,03100,Completed
419,Unidad de Investigacion Clinica Cardiometabolica de Occident,Mexico,Guadalajara,,44150,Completed
420,Diseño y Planeación en Investigación Médica SC,Mexico,Guadalajara,,44656,Completed
421,Cardiologia Clinica e Intervencionista,Mexico,Guadalajara,,44670,Completed
422,Instituto Nacional de Cardiologia Ignacio Chavez,Mexico,Mexico City,,14080,Completed
423,"Centro de Investigación Clinica Acelerada, S.C.",Mexico,México,,07020,Completed
424,"CEDOPEC-Ctro Esp en Diab, Obesidad y Prev de Enf Cardiovasc",Mexico,México,,11650,Completed
425,"Instituto Cardiovascular de Monclova, S de RL de CV",Mexico,Monclova,,25750,Completed
426,Hospital Universitario Dr Jose Eleuterio Gonzalez,Mexico,Nuevo León,,64460,Completed
427,Centro Integral Medico SJR S.C.,Mexico,San Juan del Río,,76800,Completed
428,Cardioarritmias e Investigación S.C,Mexico,San Luis Potosí City,,78213,Completed
429,Centro de Investigacion Cardiovascular y Metabolica,Mexico,Tijuana,,22500,Completed
430,Centro de Investigacion Medica Alberto Bazzoni S.A. de C.V.,Mexico,Torreón,,27000,Completed
431,Hospital Dr Angel Leano,Mexico,Zapopan,,45200,Completed
432,Ziekenhuisgroep Twente locatie Almelo,Netherlands,Almelo,,7609 PP,Completed
433,BovenIJ Ziekenhuis,Netherlands,Amsterdam,,1034 CS,Completed
434,"Onze Lieve Vrouwe Gasthuis, Locatie West",Netherlands,Amsterdam,,1061 AE,Completed
435,Amsterdam UMC Locatie VUMC,Netherlands,Amsterdam,,1081HV,Completed
436,Onze Lieve Vrouwe Gasthuis,Netherlands,Amsterdam,,1091AC,Completed
437,"Amsterdam UMC, Locatie AMC",Netherlands,Amsterdam,,1105 AZ,Completed
438,Rode Kruis Ziekenhuis Beverwijk,Netherlands,Beverwijk,,1942 LE,Completed
439,Tergooiziekenhuizen locatie Blaricum,Netherlands,Blaricum,,1261 AN,Completed
440,Amphia Ziekenhuis,Netherlands,Breda,,4818 CK,Completed
441,Ziekenhuis Gelderse Vallei,Netherlands,Ede,,6716 RP,Completed
442,Catharina Ziekenhuis,Netherlands,Eindhoven,,5623 EJ,Completed
443,Universitair Medisch Centrum Groningen,Netherlands,Groningen,,9713 GZ,Completed
444,Zuyderland Medisch Centrum,Netherlands,Heerlen,,6419 PC,Completed
445,Vasculair Onderzoek Centrum,Netherlands,Hoorn,,1624 NP,Completed
446,Maastricht Universitair Medisch Centrum,Netherlands,Maastricht,,6229 HX,Completed
447,Diaconessenhuis Meppel,Netherlands,Meppel,,7943 KA,Completed
448,"St. Antonius ziekenhuis, locatie Nieuwegein",Netherlands,Nieuwegein,,3435 CM,Completed
449,Radboud Universitair Medisch Centrum,Netherlands,Nijmegen,,6525 GL,Completed
450,HMC Bronovo,Netherlands,The Hague,,2597 AX,Completed
451,Ziekenhuis Bernhoven Uden,Netherlands,Uden,,5406 PT,Completed
452,Vie Curi Medisch Centrum,Netherlands,Venlo,,5912 BL,Completed
453,De Heel - Zaans Medisch Centrum,Netherlands,Zaandam,,1502 DV,Completed
454,Gelre Ziekenhuis Zutphen,Netherlands,Zutphen,,7207 AE,Completed
455,KLIMED Marek Klimkiewicz,Poland,Bialystok,,15-765,Completed
456,"Univ. Clinic Hosp, Bialystok",Poland,Bialystok,,15276,Completed
457,American Heart of Poland Sp. z o.o.,Poland,Bielsko-Biala,,43-316,Completed
458,NZOZ Centrum Medyczne KERmed,Poland,Bydgoszcz,,85231,Completed
459,Polsko-Amerykanskie Kliniki Serca,Poland,Chorzów,,32-500,Completed
460,American Heart of Poland Sp. z o.o.,Poland,Dąbrowa Górnicza,,41-300,Completed
461,Poradnia Kardiologiczna Jaroslaw Jurowiecki,Poland,Gdansk,,80-286,Completed
462,"University Clinical Center, Gdansk",Poland,Gdansk,,80952,Completed
463,Indywidualna Specjalistyczna Praktyka Lekarska,Poland,Gdynia,,81-157,Completed
464,"Saint Wincenty a Paulo Hosp., Cardiology Dept., Gdynia",Poland,Gdynia,,81348,Completed
465,Szpital Zakonu Bonifratow Sp. z o.o.,Poland,Katowice,,40-211,Completed
466,"Specialistic Cardiology&Hypertension Out-patient Clin,Kielce",Poland,Kielce,,25525,Completed
467,Leszek Bryniarski Specialized Medical Cabinet,Poland,Krakow,,30-082,Completed
468,Krakow Specialistic Hospital of John Paul II,Poland,Krakow,,31-202,Completed
469,"SANTA FAMILIA Centrum Badan, Profilaktyki i Leczenia",Poland,Lodz,,90-302,Completed
470,Nzoz Salus,Poland,Lodz,,91-302,Completed
471,Individual Specialized Practice,Poland,Lodz,,94-255,Completed
472,Lowickie Cardiology Center,Poland,Lowicz,,99-400,Completed
473,American Heart of Poland Sp. z o.o.,Poland,Nysa,,48-300,Completed
474,Medicome Sp. z o.o.,Poland,Oświęcim,,32-600,Completed
475,Specialized Practice Dr. Janusz Spyra,Poland,Ruda Śląska,,41-709,Completed
476,Centrum Medyczne Medyk,Poland,Rzeszów,,35-055,Completed
477,Lukmed Lukasz Wozniak,Poland,Siedlce,,08-110,Completed
478,"Clinmedica Research Omc sp. z o.o. sp.k., Skierniewice",Poland,Skierniewice,,96-100,Completed
479,KO-MED Centra Kliniczne Staszow,Poland,Staszów,,28-200,Completed
480,The Provincial Polyclinical Hospital in Torun,Poland,Torun,,87-100,Completed
481,American Heart of Poland Sp. z o.o.,Poland,Tychy,,43-100,Completed
482,American Heart of Poland Sp. z o.o.,Poland,Ustroń,,43-450,Completed
483,"Central Hospital of Medical Academy, Warsaw",Poland,Warsaw,,02-097,Completed
484,McM Polimedica,Poland,Warsaw,,02-777,Completed
485,4. Military Clinical Hospital with Polyclinic SP ZOZ,Poland,Wroclaw,,50-981,Completed
486,Zgierskie Center of Cardiology MED-PRO,Poland,Zgierz,,95-100,Completed
487,"Specialist Hospital J. Dietla NZOZ Specialized Clinic ""Gemini""",Poland,Żychlin,,62-571,Completed
488,Dong-A University Hospital,South Korea,Busan,,602-715,Completed
489,Inje University Busan Paik Hospital,South Korea,Busan,,614-735,Completed
490,Chungbuk National University Hospital,South Korea,Cheongju-si,,361-771,Completed
491,Chungnam National University Hospital,South Korea,Daejeon,,35015,Completed
492,Gachon University Gil Medical Center,South Korea,Incheon,,21565,Completed
493,Seoul National University Hospital,South Korea,Seoul,,03080,Completed
494,Severance Hospital,South Korea,Seoul,,03722,Completed
495,Asan Medical Center,South Korea,Seoul,,05505,Completed
496,Samsung Medical Center,South Korea,Seoul,,06351,Completed
497,Korea University Guro Hospital,South Korea,Seoul,,08308,Completed
498,Seoul National University Bundang Hospital,South Korea,Sungnam,,463-707,Completed
499,Wonju Severance Christian Hosp,South Korea,Wŏnju,,26426,Completed
500,Hospital Quiron. I.C.U.,Spain,Barcelona,,08023,Completed
501,Hospital Santa Creu i Sant Pau,Spain,Barcelona,,08026,Completed
502,Hospital Universitario Virgen de la Arrixaca,Spain,El Palmar,,30120,Completed
503,Hospital de Bellvitge,Spain,L'Hospitalet de Llobregat,,08907,Completed
504,Hospital Ramón y Cajal,Spain,Madrid,,28034,Completed
505,Hospital Clínico San Carlos,Spain,Madrid,,28040,Completed
506,Hospital Universitario 12 de Octubre,Spain,Madrid,,28041,Completed
507,Hospital La Paz,Spain,Madrid,,28046,Completed
508,Hospital Virgen de la Victoria,Spain,Málaga,,29010,Completed
509,Complejo Hospitalario Universitario de Orense,Spain,Ourense,,32005,Completed
510,Hospital Clínico de Santiago,Spain,Santiago de Compostela,,15706,Completed
511,Hospital Clínico Universitario de Valladolid,Spain,Valladolid,,47003,Completed
512,Barnet General Hospital,United Kingdom,Barnet,,EN5 3DJ,Completed
513,University Hospital of Wales,United Kingdom,Cardiff,,CF14 4XW,Completed
514,Park & St Francis Surgery,United Kingdom,Eastleigh,,SO53 4ST,Completed
515,Wycombe General Hospital,United Kingdom,High Wycombe,,HP11 2TT,Completed
516,Glenfield Hospital,United Kingdom,Leicester,,LE3 9QP,Completed
517,St Bartholomew's Hospital,United Kingdom,London,,EC1A 7BE,Completed
518,Luton and Dunstable University Hospital,United Kingdom,Luton,,LU4 0DZ,Completed
519,St Mary's Hospital,United Kingdom,Newport,,PO30 5TG,Completed
520,Morriston Hospital,United Kingdom,Swansea,,SA6 6NL,Completed
