Site Number,Site Name,Country,City,State,Zip,Status
001,Research Site,United States,Birmingham,Alabama,,Completed
002,Research Site,United States,La Mirada,California,,Completed
003,Research Site,United States,Los Angeles,California,,Completed
004,Research Site,United States,Newport Beach,California,,Completed
005,Research Site,United States,Torrance,California,,Completed
006,Research Site,United States,Vallejo,California,,Completed
007,Research Site,United States,Lone Tree,Colorado,,Completed
008,Research Site,United States,Farmington,Connecticut,,Completed
009,Research Site,United States,Washington D.C.,District of Columbia,,Completed
010,Research Site,United States,Gainesville,Florida,,Completed
011,Research Site,United States,Largo,Florida,,Completed
012,Research Site,United States,Miami,Florida,,Completed
013,Research Site,United States,Port Orange,Florida,,Completed
014,Research Site,United States,Tampa,Florida,,Completed
015,Research Site,United States,Winter Park,Florida,,Completed
016,Research Site,United States,Zephyrhills,Florida,,Completed
017,Research Site,United States,Atlanta,Georgia,,Completed
018,Research Site,United States,Decatur,Georgia,,Completed
019,Research Site,United States,Macon,Georgia,,Completed
020,Research Site,United States,Suwanee,Georgia,,Completed
021,Research Site,United States,Idaho Falls,Idaho,,Completed
022,Research Site,United States,Chicago,Illinois,,Completed
023,Research Site,United States,Evanston,Illinois,,Completed
024,Research Site,United States,Urbana,Illinois,,Completed
025,Research Site,United States,Indianapolis,Indiana,,Completed
026,Research Site,United States,Pratt,Kansas,,Completed
027,Research Site,United States,Crestview Hills,Kentucky,,Completed
028,Research Site,United States,Lexington,Kentucky,,Completed
029,Research Site,United States,Louisville,Kentucky,,Completed
030,Research Site,United States,Houma,Louisiana,,Completed
031,Research Site,United States,Shreveport,Louisiana,,Completed
032,Research Site,United States,Columbia,Maryland,,Completed
033,Research Site,United States,Boston,Massachusetts,,Completed
034,Research Site,United States,Ann Arbor,Michigan,,Completed
035,Research Site,United States,Chesterfield,Michigan,,Completed
036,Research Site,United States,Troy,Michigan,,Completed
037,Research Site,United States,Ypsilanti,Michigan,,Completed
038,Research Site,United States,Rochester,Minnesota,,Completed
039,Research Site,United States,Jackson,Mississippi,,Completed
040,Research Site,United States,Marlton,New Jersey,,Completed
041,Research Site,United States,Morristown,New Jersey,,Completed
042,Research Site,United States,Brooklyn,New York,,Completed
043,Research Site,United States,Mineola,New York,,Completed
044,Research Site,United States,New York,New York,,Completed
045,Research Site,United States,Poughkeepsie,New York,,Completed
046,Research Site,United States,Rochester,New York,,Completed
047,Research Site,United States,The Bronx,New York,,Completed
048,Research Site,United States,Cincinnati,Ohio,,Completed
049,Research Site,United States,Mentor,Ohio,,Completed
050,Research Site,United States,Portland,Oregon,,Completed
051,Research Site,United States,Doylestown,Pennsylvania,,Completed
052,Research Site,United States,Hershey,Pennsylvania,,Completed
053,Research Site,United States,Philadelphia,Pennsylvania,,Completed
054,Research Site,United States,Sayre,Pennsylvania,,Completed
055,Research Site,United States,Germantown,Tennessee,,Completed
056,Research Site,United States,Nashville,Tennessee,,Completed
057,Research Site,United States,Dallas,Texas,,Completed
058,Research Site,United States,Houston,Texas,,Completed
059,Research Site,United States,Irving,Texas,,Completed
060,Research Site,United States,San Antonio,Texas,,Completed
061,Research Site,United States,Southlake,Texas,,Completed
062,Research Site,United States,Tyler,Texas,,Completed
063,Research Site,United States,Salt Lake City,Utah,,Completed
064,Research Site,United States,West Jordan,Utah,,Completed
065,Research Site,United States,Chesapeake,Virginia,,Completed
066,Research Site,United States,Fairfax,Virginia,,Completed
067,Research Site,United States,Roanoke,Virginia,,Completed
068,Research Site,United States,Seattle,Washington,,Completed
069,Research Site,Australia,Bedford,,,Completed
070,Research Site,Australia,Clayton,,,Completed
071,Research Site,Australia,Concord,,,Completed
072,Research Site,Australia,Fitzroy,,,Completed
073,Research Site,Australia,Five Dock,,,Completed
074,Research Site,Australia,Garran,,,Completed
075,Research Site,Australia,Heidelberg,,,Completed
076,Research Site,Australia,Liverpool,,,Completed
077,Research Site,Australia,Melbourne,,,Completed
078,Research Site,Australia,South Brisbane,,,Completed
079,Research Site,Austria,Salzburg,,,Completed
080,Research Site,Austria,Vienna,,,Completed
081,Research Site,Belgium,Antwerp,,,Completed
082,Research Site,Belgium,Ghent,,,Completed
083,Research Site,Belgium,Kortrijk,,,Completed
084,Research Site,Belgium,Leuven,,,Completed
085,Research Site,Belgium,Liège,,,Completed
086,Research Site,Belgium,Roeselaere,,,Completed
087,Research Site,Bulgaria,Pleven,,,Completed
088,Research Site,Bulgaria,Rousse,,,Completed
089,Research Site,Bulgaria,Sevlievo,,,Completed
090,Research Site,Bulgaria,Sofia,,,Completed
091,Research Site,Bulgaria,Varna,,,Completed
092,Research Site,Canada,Vancouver,British Columbia,,Completed
093,Research Site,Canada,Victoria,British Columbia,,Completed
094,Research Site,Canada,Brandon,Manitoba,,Completed
095,Research Site,Canada,Winnipeg,Manitoba,,Completed
096,Research Site,Canada,Greater Sudbury,Ontario,,Completed
097,Research Site,Canada,London,Ontario,,Completed
098,Research Site,Canada,Montreal,Quebec,,Completed
099,Research Site,Czechia,Hradec Králové,,,Completed
100,Research Site,Czechia,Pilsen,,,Completed
101,Research Site,Czechia,Prague,,,Completed
102,Research Site,Denmark,Aarhus,,,Completed
103,Research Site,Denmark,Odense,,,Completed
104,Research Site,France,Amiens,,,Completed
105,Research Site,France,Bordeaux,,,Completed
106,Research Site,France,Lille,,,Completed
107,Research Site,France,Lyon,,,Completed
108,Research Site,France,Marseille,,,Completed
109,Research Site,France,Montpellier,,,Completed
110,Research Site,France,Pierre-Bénite,,,Completed
111,Research Site,France,Reims,,,Completed
112,Research Site,France,Rennes,,,Completed
113,Research Site,France,Saint-Etienne,,,Completed
114,Research Site,France,Toulouse,,,Completed
115,Research Site,Germany,Berlin,,,Completed
116,Research Site,Germany,Essen,,,Completed
117,Research Site,Germany,Freiburg im Breisgau,,,Completed
118,Research Site,Germany,Hanover,,,Completed
119,Research Site,Germany,Kiel,,,Completed
120,Research Site,Germany,Leipzig,,,Completed
121,Research Site,Germany,Lüneburg,,,Completed
122,Research Site,Germany,Mannheim,,,Completed
123,Research Site,Germany,Minden,,,Completed
124,Research Site,Germany,Münster,,,Completed
125,Research Site,Hungary,Balatonfüred,,,Completed
126,Research Site,Hungary,Békéscsaba,,,Completed
127,Research Site,Hungary,Budapest,,,Completed
128,Research Site,Hungary,Debrecen,,,Completed
129,Research Site,Hungary,Miskolc,,,Completed
130,Research Site,Hungary,Mosonmagyaróvár,,,Completed
131,Research Site,Hungary,Szekszárd,,,Completed
132,Research Site,Hungary,Székesfehérvár,,,Completed
133,Research Site,Hungary,Szombathely,,,Completed
134,Research Site,Hungary,Vác,,,Completed
135,Research Site,Israel,Beersheba,,,Completed
136,Research Site,Israel,Haifa,,,Completed
137,Research Site,Israel,Holon,,,Completed
138,Research Site,Israel,Jerusalem,,,Completed
139,Research Site,Israel,Kfar Saba,,,Completed
140,Research Site,Israel,Nahariya,,,Completed
141,Research Site,Israel,Petach Tikvah,,,Completed
142,Research Site,Israel,Tel Aviv,,,Completed
143,Research Site,Israel,Tel Litwinsky,,,Completed
144,Research Site,Japan,Ageo-shi,,,Completed
145,Research Site,Japan,Asahikawa,,,Completed
146,Research Site,Japan,Bunkyō City,,,Completed
147,Research Site,Japan,Chiba,,,Completed
148,Research Site,Japan,Chikushinoshi,,,Completed
149,Research Site,Japan,Fujiidera,,,Completed
150,Research Site,Japan,Fukuoka-ken,,,Completed
151,Research Site,Japan,Higashi-Ibaraki,,,Completed
152,Research Site,Japan,Hirosaki,,,Completed
153,Research Site,Japan,Hiroshima,,,Completed
154,Research Site,Japan,Isesaki,,,Completed
155,Research Site,Japan,Izumo,,,Completed
156,Research Site,Japan,Kagoshima,,,Completed
157,Research Site,Japan,Kahoku,,,Completed
158,Research Site,Japan,Kobe,,,Completed
159,Research Site,Japan,Kochi,,,Completed
160,Research Site,Japan,Kurume,,,Completed
161,Research Site,Japan,Kyoto,,,Completed
162,Research Site,Japan,Midori-ku,,,Completed
163,Research Site,Japan,Nagasaki,,,Completed
164,Research Site,Japan,Nara,,,Completed
165,Research Site,Japan,Nishinomiya,,,Completed
166,Research Site,Japan,Numakunai,,,Completed
167,Research Site,Japan,Osaka,,,Completed
168,Research Site,Japan,Ōita,,,Completed
169,Research Site,Japan,Saga,,,Completed
170,Research Site,Japan,Saga-ken,,,Completed
171,Research Site,Japan,Saitama,,,Completed
172,Research Site,Japan,Sakura,,,Completed
173,Research Site,Japan,Sapporo,,,Completed
174,Research Site,Japan,Sendai,,,Completed
175,Research Site,Japan,Shizuoka,,,Completed
176,Research Site,Japan,Sunto-gun,,,Completed
177,Research Site,Japan,Takamatsu,,,Completed
178,Research Site,Japan,Tokorozawa,,,Completed
179,Research Site,Japan,Tokyo,,,Completed
180,Research Site,Japan,Toyama,,,Completed
181,Research Site,Japan,Toyota,,,Completed
182,Research Site,Japan,Tsu,,,Completed
183,Research Site,Japan,Tsuchiura,,,Completed
184,Research Site,Japan,Wakayama,,,Completed
185,Research Site,Japan,Yamanashi,,,Completed
186,Research Site,Netherlands,Amsterdam,,,Completed
187,Research Site,Netherlands,Maastricht,,,Completed
188,Research Site,New Zealand,Auckland,,,Completed
189,Research Site,New Zealand,Christchurch,,,Completed
190,Research Site,New Zealand,Dunedin,,,Completed
191,Research Site,New Zealand,Lower Hutt,,,Completed
192,Research Site,New Zealand,Milford,,,Completed
193,Research Site,Poland,Gdansk,,,Completed
194,Research Site,Poland,Krakow,,,Completed
195,Research Site,Poland,Lodz,,,Completed
196,Research Site,Poland,Puławy,,,Completed
197,Research Site,Poland,Sopot,,,Completed
198,Research Site,Poland,Szczecin,,,Completed
199,Research Site,Poland,Warsaw,,,Completed
200,Research Site,Poland,Wroclaw,,,Completed
201,Research Site,Romania,Bucharest,,,Completed
202,Research Site,Romania,Oradea,,,Completed
203,Research Site,Romania,Romania,,,Completed
204,Research Site,Romania,Timișoara,,,Completed
205,Research Site,Russia,Irkutsk,,,Completed
206,Research Site,Russia,Kazan',,,Completed
207,Research Site,Russia,Moscow,,,Completed
208,Research Site,Russia,Moscva,,,Completed
209,Research Site,Russia,Novosibirsk,,,Completed
210,Research Site,Russia,Rostov-on-Don,,,Completed
211,Research Site,Russia,Ryazan,,,Completed
212,Research Site,Russia,Saint Petersburg,,,Completed
213,Research Site,Russia,Stavropol,,,Completed
214,Research Site,Russia,Ufa,,,Completed
215,Research Site,Serbia,Belgrade,,,Completed
216,Research Site,Serbia,Kragujevac,,,Completed
217,Research Site,Serbia,Niš,,,Completed
218,Research Site,Serbia,Vojvodina,,,Completed
219,Research Site,Slovakia,Bratislava,,,Completed
220,Research Site,Slovakia,Prešov,,,Completed
221,Research Site,South Korea,Daegu,,,Completed
222,Research Site,South Korea,Guri-si,,,Completed
223,Research Site,South Korea,Seoul,,,Completed
224,Research Site,South Korea,Suwon,,,Completed
225,Research Site,Ukraine,Chernivtsi,,,Completed
226,Research Site,Ukraine,Dnipropetrovsk,,,Completed
227,Research Site,Ukraine,Ivano-Frankivsk,,,Completed
228,Research Site,Ukraine,Kharkiv,,,Completed
229,Research Site,Ukraine,Kiyv,,,Completed
230,Research Site,Ukraine,Kyiv,,,Completed
231,Research Site,Ukraine,Lviv,,,Completed
232,Research Site,Ukraine,Odesa,,,Completed
233,Research Site,Ukraine,Sumy,,,Completed
234,Research Site,Ukraine,Uzhhorod,,,Completed
235,Research Site,Ukraine,Vinnytsia,,,Completed
236,Research Site,Ukraine,Zaporizhzhia,,,Completed
237,Research Site,Ukraine,Zhaporozhia,,,Completed
238,Research Site,United Kingdom,Birmingham,,,Completed
239,Research Site,United Kingdom,Cambridge,,,Completed
240,Research Site,United Kingdom,Coventry,,,Completed
241,Research Site,United Kingdom,Doncaster,,,Completed
242,Research Site,United Kingdom,Edinburgh,,,Completed
243,Research Site,United Kingdom,Liverpool,,,Completed
244,Research Site,United Kingdom,London,,,Completed
245,Research Site,United Kingdom,Salford,,,Completed
246,Research Site,United Kingdom,Southampton,,,Completed
247,Research Site,United Kingdom,Sutton in Ashfield,,,Completed
