Site Number,Site Name,Country,City,State,Zip,Status
001,Research Site,United States,Concord,California,94520,Completed
002,Research Site,United States,Fresno,California,93720,Completed
003,Research Site,United States,Los Angeles,California,90057,Completed
004,Research Site,United States,Orange,California,92868,Completed
005,Research Site,United States,San Mateo,California,94401,Completed
006,Research Site,United States,San Ramon,California,94583,Completed
007,Research Site,United States,Walnut Creek,California,94598,Completed
008,Research Site,United States,Golden,Colorado,80401,Completed
009,Research Site,United States,Newark,Delaware,19713,Completed
010,Research Site,United States,Bradenton,Florida,34201,Completed
011,Research Site,United States,Clearwater,Florida,33756,Completed
012,Research Site,United States,Fort Lauderdale,Florida,33312,Completed
013,Research Site,United States,Jacksonville,Florida,32216,Completed
014,Research Site,United States,Miami,Florida,33156,Completed
015,Research Site,United States,Miami Springs,Florida,33166,Completed
016,Research Site,United States,St. Petersburg,Florida,33709,Completed
017,Research Site,United States,Tampa,Florida,33634,Completed
018,Research Site,United States,Atlanta,Georgia,30308,Completed
019,Research Site,United States,Atlanta,Georgia,30318,Completed
020,Research Site,United States,Roswell,Georgia,30076,Completed
021,Research Site,United States,Chicago,Illinois,60607,Completed
022,Research Site,United States,Chicago,Illinois,60611,Completed
023,Research Site,United States,Des Moines,Iowa,50314,Completed
024,Research Site,United States,Overland Park,Kansas,66209,Completed
025,Research Site,United States,Lexington,Kentucky,40502,Completed
026,Research Site,United States,Lexington,Kentucky,40503,Completed
027,Research Site,United States,Kalamazoo,Michigan,49008,Completed
028,Research Site,United States,Edina,Minnesota,55435,Completed
029,Research Site,United States,Jefferson City,Missouri,65109,Completed
030,Research Site,United States,St Louis,Missouri,63110,Completed
031,Research Site,United States,Reno,Nevada,89511,Completed
032,Research Site,United States,Albuquerque,New Mexico,87109,Completed
033,Research Site,United States,Albany,New York,12208,Completed
034,Research Site,United States,Flushing,New York,11355,Completed
035,Research Site,United States,Mineola,New York,11501,Completed
036,Research Site,United States,New Hyde Park,New York,11042,Completed
037,Research Site,United States,New York,New York,10029,Completed
038,Research Site,United States,Philadelphia,Pennsylvania,19107-4824,Completed
039,Research Site,United States,Amarillo,Texas,79106,Completed
040,Research Site,United States,Austin,Texas,78731,Completed
041,Research Site,United States,Dallas,Texas,75231,Completed
042,Research Site,United States,Edinburg,Texas,78539,Completed
043,Research Site,United States,Mesquite,Texas,74194,Completed
044,Research Site,United States,San Antonio,Texas,78229,Completed
045,Research Site,United States,San Antonio,Texas,78258,Completed
046,Research Site,United States,Bennington,Vermont,05201,Completed
047,Research Site,United States,Federal Way,Washington,98003,Completed
048,Research Site,Argentina,Buenos Aires,,1180AAX,Completed
049,Research Site,Argentina,Buenos Aires,,C1405BCH,Completed
050,Research Site,Argentina,CABA,,1056,Completed
051,Research Site,Argentina,Corrientes,,3400,Completed
052,Research Site,Argentina,Córdoba,,5000,Completed
053,Research Site,Argentina,Córdoba,,X5006IKK,Completed
054,Research Site,Argentina,Mar del Plata,,B7600FZN,Completed
055,Research Site,Argentina,Ramos Mejía,,B1704ETD,Completed
056,Research Site,Belgium,Brussels (Uccle),,1180,Completed
057,Research Site,Belgium,Leuven,,3000,Completed
058,Research Site,Canada,Calgary,Alberta,T2V 4J2,Completed
059,Research Site,Canada,Edmonton,Alberta,T6G 2E1,Completed
060,Research Site,Canada,Halifax,Nova Scotia,B3H 2Y9,Completed
061,Research Site,Canada,Cambridge,Ontario,N1R 7L6,Completed
062,Research Site,Canada,Hamilton,Ontario,L8N 3Z5,Completed
063,Research Site,Canada,Ottawa,Ontario,K1H 7W9,Completed
064,Research Site,Canada,Smiths Falls,Ontario,K7A 4W8,Completed
065,Research Site,Canada,Sherbrooke,Quebec,J1H 5N4,Completed
066,Research Site,Chile,Santiago,,7500010,Completed
067,Research Site,Chile,Santiago,,8053095,Completed
068,Research Site,Chile,Temuco,,4781156,Completed
069,Research Site,Germany,Dresden,,1307,Completed
070,Research Site,Germany,Essen,,45355,Completed
071,Research Site,Germany,Falkensee,,14612,Completed
072,Research Site,Germany,Freiburg im Breisgau,,79106,Completed
073,Research Site,Germany,Hamburg,,22607,Completed
074,Research Site,Germany,Heidelberg,,69115,Completed
075,Research Site,Germany,Oldenburg,,23758,Completed
076,Research Site,Germany,Pohlheim,,35415,Completed
077,Research Site,Germany,Saarlouis,,66740,Completed
078,Research Site,Germany,Sulzbach-Rosenberg,,92237,Completed
079,Research Site,Germany,Wangen,,88239,Completed
080,Research Site,Japan,Aki-gun,,735-0021,Completed
081,Research Site,Japan,Amagasaki-shi,,661-0002,Completed
082,Research Site,Japan,Chitose-shi,,066-0032,Completed
083,Research Site,Japan,Chūōku,,103-0002,Completed
084,Research Site,Japan,Fukuyama-shi,,721-0927,Completed
085,Research Site,Japan,Higashiosaka-shi,,577-0802,Completed
086,Research Site,Japan,Ibusuki-shi,,891-0401,Completed
087,Research Site,Japan,Kagoshima,,892-0824,Completed
088,Research Site,Japan,Kamakura-shi,,247-0056,Completed
089,Research Site,Japan,Kashiwara-shi,,582-0005,Completed
090,Research Site,Japan,Kitakyushu-shi,,807-0857,Completed
091,Research Site,Japan,Koriyama-shi,,963-8851,Completed
092,Research Site,Japan,Kumamoto,,862-0976,Completed
093,Research Site,Japan,Kurume-shi,,830-8543,Completed
094,Research Site,Japan,Miura-shi,,238-0101,Completed
095,Research Site,Japan,Nagoya,,455-8530,Completed
096,Research Site,Japan,Obihiro-shi,,080-0016,Completed
097,Research Site,Japan,Osaka,,530-0001,Completed
098,Research Site,Japan,Oyama-shi,,323-0022,Completed
099,Research Site,Japan,Ōita,,870-0855,Completed
100,Research Site,Japan,Sapporo,,060-0001,Completed
101,Research Site,Japan,Shibuya-ku,,150-0013,Completed
102,Research Site,Japan,Shinjuku-ku,,169-0073,Completed
103,Research Site,Japan,Shizuoka,,424-0855,Completed
104,Research Site,Japan,Tsukuba,,305-0812,Completed
105,Research Site,Japan,Ushiku-shi,,300-1207,Completed
106,Research Site,Japan,Uwajima-shi,,798-8510,Completed
107,Research Site,Japan,Yokohama,,231-8682,Completed
108,Research Site,Japan,Yokohama,,235-0045,Completed
109,Research Site,Netherlands,Hoogeveen,,7909 AA,Completed
110,Research Site,Netherlands,Maastricht,,6020 AZ,Completed
111,Research Site,Netherlands,Utrecht,,3584 CX,Completed
112,Research Site,Poland,Bialystok,,15-351,Completed
113,Research Site,Poland,Bialystok,,15-435,Completed
114,Research Site,Poland,Gdansk,,80-546,Completed
115,Research Site,Poland,Krakow,,31-156,Completed
116,Research Site,Poland,Krakow,,31-261,Completed
117,Research Site,Poland,Krakow,,31-501,Completed
118,Research Site,Poland,Lublin,,20-044,Completed
119,Research Site,Poland,Warsaw,,04736,Completed
120,Research Site,Poland,Wroclaw,,51-685,Completed
121,Research Site,Russia,Novosibirsk,,630091,Completed
122,Research Site,Russia,Saint Petersburg,,191015,Completed
123,Research Site,Russia,Saint Petersburg,,194354,Completed
124,Research Site,Russia,Saint Petersburg,,199034,Completed
125,Research Site,Sweden,Gothenburg,,413 45,Completed
126,Research Site,Sweden,Helsingborg,,25220,Completed
127,Research Site,Sweden,Linköping,,587 58,Completed
128,Research Site,Sweden,Uddevalla,,451 80,Completed
129,Research Site,Switzerland,Olten,,4600,Completed
130,Research Site,Switzerland,Sankt Gallen,,9016,Completed
131,Research Site,Switzerland,Zollikerberg,,8125,Completed
132,Research Site,United Kingdom,Manchester,,M23 9LT,Completed
133,Research Site,United Kingdom,Northampton,,NN1 5BD,Completed
134,Research Site,United Kingdom,Oldham,,OL1 2JH,Completed
135,Research Site,United Kingdom,Swansea,,SA2 8QA,Completed
136,Research Site,United Kingdom,Wakefield,,WF1 4DG,Completed
