Site Number,Site Name,Country,City,State,Zip,Status
001,Research Site,United States,Birmingham,Alabama,,Completed
002,Research Site,United States,Little Rock,Arkansas,,Completed
003,Research Site,United States,Anaheim,California,,Completed
004,Research Site,United States,Garden Grove,California,,Completed
005,Research Site,United States,Glendale,California,,Completed
006,Research Site,United States,Oakland,California,,Completed
007,Research Site,United States,Orange,California,,Completed
008,Research Site,United States,San Diego,California,,Completed
009,Research Site,United States,San Marcos,California,,Completed
010,Research Site,United States,San Rafael,California,,Completed
011,Research Site,United States,Hartford,Connecticut,,Completed
012,Research Site,United States,Bradenton,Florida,,Completed
013,Research Site,United States,Gainesville,Florida,,Completed
014,Research Site,United States,Miami,Florida,,Completed
015,Research Site,United States,Orlando,Florida,,Completed
016,Research Site,United States,Tampa,Florida,,Completed
017,Research Site,United States,Atlanta,Georgia,,Completed
018,Research Site,United States,Chicago,Illinois,,Completed
019,Research Site,United States,Hoffman Estates,Illinois,,Completed
020,Research Site,United States,Joliet,Illinois,,Completed
021,Research Site,United States,Maywood,Illinois,,Completed
022,Research Site,United States,Schaumburg,Illinois,,Completed
023,Research Site,United States,Skokie,Illinois,,Completed
024,Research Site,United States,Prairie Village,Kansas,,Completed
025,Research Site,United States,Wichita,Kansas,,Completed
026,Research Site,United States,Lake Charles,Louisiana,,Completed
027,Research Site,United States,Baltimore,Maryland,,Completed
028,Research Site,United States,Gaithersburg,Maryland,,Completed
029,Research Site,United States,Boston,Massachusetts,,Completed
030,Research Site,United States,New Bedford,Massachusetts,,Completed
031,Research Site,United States,Quincy,Massachusetts,,Completed
032,Research Site,United States,Watertown,Massachusetts,,Completed
033,Research Site,United States,Worcester,Massachusetts,,Completed
034,Research Site,United States,Rochester Hills,Michigan,,Completed
035,Research Site,United States,Minneapolis,Minnesota,,Completed
036,Research Site,United States,O'Fallon,Missouri,,Completed
037,Research Site,United States,Saint Charles,Missouri,,Completed
038,Research Site,United States,Omaha,Nebraska,,Completed
039,Research Site,United States,New York,New York,,Completed
040,Research Site,United States,Durham,North Carolina,,Completed
041,Research Site,United States,Hickory,North Carolina,,Completed
042,Research Site,United States,Oklahoma City,Oklahoma,,Completed
043,Research Site,United States,Media,Pennsylvania,,Completed
044,Research Site,United States,Philadelphia,Pennsylvania,,Completed
045,Research Site,United States,Scranton,Pennsylvania,,Completed
046,Research Site,United States,Lincoln,Rhode Island,,Completed
047,Research Site,United States,Providence,Rhode Island,,Completed
048,Research Site,United States,Arlington,Texas,,Completed
049,Research Site,United States,Austin,Texas,,Completed
050,Research Site,United States,Dallas,Texas,,Completed
051,Research Site,United States,Houston,Texas,,Completed
052,Research Site,United States,Charlottesville,Virginia,,Completed
053,Research Site,United States,Waukesha,Wisconsin,,Completed
054,Research Site,Belgium,Aalst,,,Completed
055,Research Site,Belgium,Bruges,,,Completed
056,Research Site,Belgium,Brussels,,,Completed
057,Research Site,Belgium,Heusden-Zolder,,,Completed
058,Research Site,Belgium,Liège,,,Completed
059,Research Site,Belgium,Yvoir,,,Completed
060,Research Site,Brazil,Belo Horizonte,,,Completed
061,Research Site,Brazil,Curitiba,,,Completed
062,Research Site,Brazil,Fortaleza,,,Completed
063,Research Site,Brazil,Goiânia,,,Completed
064,Research Site,Brazil,Itapira,,,Completed
065,Research Site,Brazil,Passo Fundo,,,Completed
066,Research Site,Brazil,Porto Alegre,,,Completed
067,Research Site,Brazil,Rio de Janeiro,,,Completed
068,Research Site,Brazil,Santo André,,,Completed
069,Research Site,Brazil,São José do Rio Preto,,,Completed
070,Research Site,Brazil,São Paulo,,,Completed
071,Research Site,Canada,Calgary,Alberta,,Completed
072,Research Site,Canada,Vancouver,British Columbia,,Completed
073,Research Site,Canada,Kingston,Ontario,,Completed
074,Research Site,Canada,Ottawa,Ontario,,Completed
075,Research Site,Canada,Toronto,Ontario,,Completed
076,Research Site,Canada,Montreal,Quebec,,Completed
077,Research Site,Czechia,Brno,,,Completed
078,Research Site,Czechia,Hostivice,,,Completed
079,Research Site,Czechia,Klecany,,,Completed
080,Research Site,Czechia,Kutná Hora,,,Completed
081,Research Site,Czechia,Litoměřice,,,Completed
082,Research Site,Czechia,Pilsen,,,Completed
083,Research Site,Czechia,Prague,,,Completed
084,Research Site,Czechia,Strakonice,,,Completed
085,Research Site,Estonia,Pärnu,,,Completed
086,Research Site,Estonia,Tallinn,,,Completed
087,Research Site,Estonia,Tartu,,,Completed
088,Research Site,France,Clermont-Ferrand,,,Completed
089,Research Site,France,Douai,,,Completed
090,Research Site,France,Nantes,,,Completed
091,Research Site,France,Nîmes,,,Completed
092,Research Site,France,Paris,,,Completed
093,Research Site,France,Poitiers,,,Completed
094,Research Site,France,Toulon,,,Completed
095,Research Site,Germany,Berlin,,,Completed
096,Research Site,Germany,Cham,,,Completed
097,Research Site,Germany,Gelsenkirchen,,,Completed
098,Research Site,Germany,Halle,,,Completed
099,Research Site,Germany,Mainz,,,Completed
100,Research Site,Germany,Mittweida,,,Completed
101,Research Site,Germany,Pfaffenhofen,,,Completed
102,Research Site,Germany,Prien am Chiemsee,,,Completed
103,Research Site,Hungary,Balassagyarmat,,,Completed
104,Research Site,Hungary,Budapest,,,Completed
105,Research Site,Hungary,Debrecen,,,Completed
106,Research Site,Hungary,Győr,,,Completed
107,Research Site,Hungary,Pécs,,,Completed
108,Research Site,Hungary,Sopron,,,Completed
109,Research Site,Hungary,Szeged,,,Completed
110,Research Site,Hungary,Szekszárd,,,Completed
111,Research Site,Hungary,Vác,,,Completed
112,Research Site,Mexico,Guadalajara,,,Completed
113,Research Site,Mexico,León,,,Completed
114,Research Site,Mexico,Mexico City,,,Completed
115,Research Site,Mexico,Monterrey,,,Completed
116,Research Site,Mexico,San Luis Potosí City,,,Completed
117,Research Site,Poland,Bełchatów,,,Completed
118,Research Site,Poland,Bialystok,,,Completed
119,Research Site,Poland,Bydgoszcz,,,Completed
120,Research Site,Poland,Gdansk,,,Completed
121,Research Site,Poland,Leszno,,,Completed
122,Research Site,Poland,Lodz,,,Completed
123,Research Site,Poland,Lublin,,,Completed
124,Research Site,Poland,Pruszków,,,Completed
125,Research Site,Poland,Torun,,,Completed
126,Research Site,Poland,Tuszyn,,,Completed
127,Research Site,Poland,Warsaw,,,Completed
128,Research Site,Slovakia,Bratislava,,,Completed
129,Research Site,Slovakia,Liptovský Mikuláš,,,Completed
130,Research Site,Slovakia,Rimavská Sobota,,,Completed
131,Research Site,Slovakia,Rožňava,,,Completed
132,Research Site,Slovakia,Svidník,,,Completed
133,Research Site,Spain,Alcorcón,,,Completed
134,Research Site,Spain,Barcelona,,,Completed
135,Research Site,Spain,Palma,,,Completed
136,Research Site,Spain,Pamplona,,,Completed
137,Research Site,Spain,Ponferrada,,,Completed
138,Research Site,Spain,Sabadell,,,Completed
139,Research Site,Spain,Salamanca,,,Completed
140,Research Site,Spain,Vitoria-Gasteiz,,,Completed
141,Research Site,Sweden,Lund,,,Completed
142,Research Site,Sweden,Skövde,,,Completed
143,Research Site,Sweden,Solna,,,Completed
144,Research Site,Sweden,Stockholm,,,Completed
145,Research Site,Turkey (Türkiye),Adana,,,Completed
146,Research Site,Turkey (Türkiye),Ankara,,,Completed
147,Research Site,Turkey (Türkiye),Bursa,,,Completed
148,Research Site,Turkey (Türkiye),Denizli,,,Completed
149,Research Site,Turkey (Türkiye),Istanbul,,,Completed
150,Research Site,Turkey (Türkiye),Izmir,,,Completed
151,Research Site,Turkey (Türkiye),Kucukcekmece/Istanbul,,,Completed
152,Research Site,Turkey (Türkiye),Manisa,,,Completed
153,Research Site,Turkey (Türkiye),Oanakkale,,,Completed
154,Research Site,Turkey (Türkiye),Sakarya,,,Completed
155,Research Site,Turkey (Türkiye),Samsun,,,Completed
