Site Number,Site Name,Country,City,State,Zip,Status
001,Research Site,United States,Tucson,Arizona,,Completed
002,Research Site,United States,Burbank,California,,Completed
003,Research Site,United States,La Jolla,California,,Completed
004,Research Site,United States,Stanford,California,,Completed
005,Research Site,United States,Denver,Colorado,,Completed
006,Research Site,United States,New Haven,Connecticut,,Completed
007,Research Site,United States,Stamford,Connecticut,,Completed
008,Research Site,United States,Chicago,Illinois,,Completed
009,Research Site,United States,Maywood,Illinois,,Completed
010,Research Site,United States,Niles,Illinois,,Completed
011,Research Site,United States,Springfield,Illinois,,Completed
012,Research Site,United States,Goshen,Indiana,,Completed
013,Research Site,United States,Iowa City,Iowa,,Completed
014,Research Site,United States,Sioux City,Iowa,,Completed
015,Research Site,United States,Topeka,Kansas,,Completed
016,Research Site,United States,Westwood,Kansas,,Completed
017,Research Site,United States,Lexington,Kentucky,,Completed
018,Research Site,United States,Louisville,Kentucky,,Completed
019,Research Site,United States,Metairie,Louisiana,,Completed
020,Research Site,United States,Ann Arbor,Michigan,,Completed
021,Research Site,United States,Detroit,Michigan,,Completed
022,Research Site,United States,Jefferson City,Missouri,,Completed
023,Research Site,United States,Lincoln,Nebraska,,Completed
024,Research Site,United States,Hackensack,New Jersey,,Completed
025,Research Site,United States,New Brunswick,New Jersey,,Completed
026,Research Site,United States,Albuquerque,New Mexico,,Completed
027,Research Site,United States,Albany,New York,,Completed
028,Research Site,United States,Hawthorne,New York,,Completed
029,Research Site,United States,New York,New York,,Completed
030,Research Site,United States,Durham,North Carolina,,Completed
031,Research Site,United States,Greenville,North Carolina,,Completed
032,Research Site,United States,Bismarck,North Dakota,,Completed
033,Research Site,United States,Fargo,North Dakota,,Completed
034,Research Site,United States,Eugene,Oregon,,Completed
035,Research Site,United States,Portland,Oregon,,Completed
036,Research Site,United States,Philadelphia,Pennsylvania,,Completed
037,Research Site,United States,Greenville,South Carolina,,Completed
038,Research Site,United States,Watertown,South Dakota,,Completed
039,Research Site,United States,Nashville,Tennessee,,Completed
040,Research Site,United States,Houston,Texas,,Completed
041,Research Site,United States,San Antonio,Texas,,Completed
042,Research Site,United States,Burlington,Vermont,,Completed
043,Research Site,United States,Spokane,Washington,,Completed
044,Research Site,United States,Vancouver,Washington,,Completed
045,Research Site,Argentina,Buenos Aires,,,Completed
046,Research Site,Argentina,Córdoba,,,Completed
047,Research Site,Argentina,La Capital,,,Completed
048,Research Site,Argentina,Paraná,,,Completed
049,Research Site,Australia,Adelaide,,,Completed
050,Research Site,Australia,Auchenflower,,,Completed
051,Research Site,Australia,Box Hill,,,Completed
052,Research Site,Australia,Concord,,,Completed
053,Research Site,Australia,Douglas,,,Completed
054,Research Site,Australia,Gosford,,,Completed
055,Research Site,Australia,Hobart,,,Completed
056,Research Site,Australia,Prahran,,,Completed
057,Research Site,Belgium,Antwerp,,,Completed
058,Research Site,Belgium,Bruges,,,Completed
059,Research Site,Belgium,Brussels,,,Completed
060,Research Site,Belgium,Ghent,,,Completed
061,Research Site,Belgium,Leuven,,,Completed
062,Research Site,Belgium,Wilrijk,,,Completed
063,Research Site,Belgium,Yvoir,,,Completed
064,Research Site,Brazil,Barretos,,,Completed
065,Research Site,Brazil,Goiânia,,,Completed
066,Research Site,Brazil,Porto Alegre,,,Completed
067,Research Site,Brazil,Ribeirão Preto,,,Completed
068,Research Site,Brazil,Rio de Janeiro,,,Completed
069,Research Site,Brazil,São Paulo,,,Completed
070,Research Site,Canada,Edmonton,Alberta,,Completed
071,Research Site,Canada,Vancouver,British Columbia,,Completed
072,Research Site,Canada,Hamilton,Ontario,,Completed
073,Research Site,Canada,Ottawa,Ontario,,Completed
074,Research Site,Canada,Montreal,Quebec,,Completed
075,Research Site,China,Beijing,,,Completed
076,Research Site,China,Chengdu,,,Completed
077,Research Site,China,Guangzhou,,,Completed
078,Research Site,China,Hangzhou,,,Completed
079,Research Site,China,Shanghai,,,Completed
080,Research Site,China,Tianjin,,,Completed
081,Research Site,Czechia,Brno,,,Completed
082,Research Site,Czechia,Hradec Králové,,,Completed
083,Research Site,Czechia,Prague,,,Completed
084,Research Site,France,Créteil,,,Completed
085,Research Site,France,F-75 730 Paris Cedex 15,,,Completed
086,Research Site,France,Grenoble,,,Completed
087,Research Site,France,Nantes,,,Completed
088,Research Site,France,Paris,,,Completed
089,Research Site,France,Pessac,,,Completed
090,Research Site,France,Tours,,,Completed
091,Research Site,Germany,Berlin,,,Completed
092,Research Site,Germany,Heidelberg,,,Completed
093,Research Site,Germany,Jena,,,Completed
094,Research Site,Germany,Mainz,,,Completed
095,Research Site,Germany,München,,,Completed
096,Research Site,Germany,TÿBINGEN,,,Completed
097,Research Site,Germany,Ulm,,,Completed
098,Research Site,Germany,Villingen-Schwenningen,,,Completed
099,Research Site,Greece,Athens,,,Completed
100,Research Site,Greece,Athens Attica,,,Completed
101,Research Site,Greece,Thessalonikis,,,Completed
102,Research Site,Hungary,Budapest,,,Completed
103,Research Site,Hungary,Debrecen,,,Completed
104,Research Site,Hungary,Kaposvár,,,Completed
105,Research Site,Hungary,Pécs,,,Completed
106,Research Site,Hungary,Szeged,,,Completed
107,Research Site,Ireland,Dublin,,,Completed
108,Research Site,Ireland,Galway,,,Completed
109,Research Site,Israel,Afula,,,Completed
110,Research Site,Israel,Beersheba,,,Completed
111,Research Site,Israel,Haifa,,,Completed
112,Research Site,Israel,Jerusalem,,,Completed
113,Research Site,Israel,Nahariya,,,Completed
114,Research Site,Israel,Petah Tikva,,,Completed
115,Research Site,Israel,Ramat Gan,,,Completed
116,Research Site,Israel,Tel Aviv,,,Completed
117,Research Site,Israel,Ẕerifin,,,Completed
118,Research Site,Japan,Fukuoka,,,Completed
119,Research Site,Japan,Hiroshima,,,Completed
120,Research Site,Japan,Kyoto,,,Completed
121,Research Site,Japan,Nagoya,,,Completed
122,Research Site,Japan,Osaka,,,Completed
123,Research Site,Japan,Sapporo,,,Completed
124,Research Site,Japan,Sendai,,,Completed
125,Research Site,Japan,Suita,,,Completed
126,Research Site,Japan,Tokyo,,,Completed
127,Research Site,Mexico,Monterrey,,,Completed
128,Research Site,Mexico,Oaxaca City,,,Completed
129,Research Site,Netherlands,Amsterdam-Zuidoost,,,Completed
130,Research Site,Netherlands,Dordrecht,,,Completed
131,Research Site,Netherlands,Groningen,,,Completed
132,Research Site,Netherlands,Leiden,,,Completed
133,Research Site,Netherlands,Rotterdam,,,Completed
134,Research Site,Netherlands,Utrecht,,,Completed
135,Research Site,Poland,Bydgoszcz,,,Completed
136,Research Site,Poland,Krakow,,,Completed
137,Research Site,Poland,Olsztyn,,,Completed
138,Research Site,Poland,Warsaw,,,Completed
139,Research Site,Poland,Wroclaw,,,Completed
140,Research Site,Puerto Rico,San Juan,,,Completed
141,Research Site,Russia,Chelyabinsk,,,Completed
142,Research Site,Russia,Krasnodar,,,Completed
143,Research Site,Russia,Moscow,,,Completed
144,Research Site,Russia,Nizhny Novgorod,,,Completed
145,Research Site,Russia,Novosibirsk,,,Completed
146,Research Site,Russia,Petrozavodsk,,,Completed
147,Research Site,Russia,Rostov-on-Don,,,Completed
148,Research Site,Russia,Ryazan,,,Completed
149,Research Site,Russia,Saint Petersburg,,,Completed
150,Research Site,Russia,Sochi,,,Completed
151,Research Site,Russia,St.Petersurg,,,Completed
152,Research Site,Russia,Syktyvkar,,,Completed
153,Research Site,Russia,Volgograd,,,Completed
154,Research Site,Russia,Yekaterinburg,,,Completed
155,Research Site,Slovakia,Banská Bystrica,,,Completed
156,Research Site,Slovakia,Bratislava,,,Completed
157,Research Site,Slovakia,Košice,,,Completed
158,Research Site,Slovakia,Martin,,,Completed
159,Research Site,Slovakia,Prešov,,,Completed
160,Research Site,South Korea,Gyeonggi-do,,,Completed
161,Research Site,South Korea,Jeollanam-do,,,Completed
162,Research Site,South Korea,Seoul,,,Completed
163,Research Site,Spain,Barcelona,,,Completed
164,Research Site,Spain,Madrid,,,Completed
165,Research Site,Spain,Oviedo,,,Completed
166,Research Site,Spain,Palma de Mallorca,,,Completed
167,Research Site,Spain,Salamanca,,,Completed
168,Research Site,Spain,Santiago de Compostela,,,Completed
169,Research Site,Sweden,Linköping,,,Completed
170,Research Site,Sweden,Lund,,,Completed
171,Research Site,Sweden,Stockholm,,,Completed
172,Research Site,Sweden,Umeaa,,,Completed
173,Research Site,Sweden,Uppsala,,,Completed
174,Research Site,Taiwan,Changhua,,,Completed
175,Research Site,Taiwan,Kaohsiung County,,,Completed
176,Research Site,Taiwan,Taichung,,,Completed
177,Research Site,Taiwan,Tainan,,,Completed
178,Research Site,Taiwan,Taipei,,,Completed
179,Research Site,Taiwan,Taoyuan District,,,Completed
180,Research Site,Turkey (Türkiye),Adana,,,Completed
181,Research Site,Turkey (Türkiye),Ankara,,,Completed
182,Research Site,Turkey (Türkiye),Diyarbakır,,,Completed
183,Research Site,Turkey (Türkiye),Istanbul,,,Completed
184,Research Site,Turkey (Türkiye),Izmir,,,Completed
185,Research Site,Turkey (Türkiye),Kayseri,,,Completed
186,Research Site,Turkey (Türkiye),Mersin,,,Completed
187,Research Site,Ukraine,Cherkassy,,,Completed
188,Research Site,Ukraine,Donetsk,,,Completed
189,Research Site,Ukraine,Khmelnitskiy,,,Completed
190,Research Site,Ukraine,Kiev,,,Completed
191,Research Site,Ukraine,Lviv,,,Completed
192,Research Site,United Kingdom,Canterbury,,,Completed
193,Research Site,United Kingdom,Glasgow,,,Completed
194,Research Site,United Kingdom,Leeds,,,Completed
195,Research Site,United Kingdom,Leicester,,,Completed
196,Research Site,United Kingdom,Liverpool,,,Completed
197,Research Site,United Kingdom,London,,,Completed
198,Research Site,United Kingdom,Manchester,,,Completed
199,Research Site,United Kingdom,Plymouth,,,Completed
200,Research Site,United Kingdom,Southampton,,,Completed
201,Research Site,United Kingdom,Sutton,,,Completed
